Date,A,E,,,,,
1/1/1993,0.001920222,0.001348553,,,,,
1/2/1993,0.001458399,0.000935052,,,,,
1/3/1993,0.002938434,0.000894794,,,,,
1/4/1993,0.014522293,0.000865249,,,,,
1/5/1993,0.008913059,0.000864655,,,,,
1/6/1993,0.003788661,0.001703655,,,,,
1/7/1993,0.002887866,0.001434413,,,,,
1/8/1993,0.002223689,0.001286107,,,,,
1/9/1993,0.001771285,0.001144747,,,,,
1/10/1993,0.001626858,0.001010344,,,,,
1/11/1993,0.001626858,0.000882925,,,,,
1/12/1993,0.001626858,0.000762534,,,,,
1/13/1993,0.001626858,0.000649228,,,,,
1/14/1993,0.001182568,0.000550368,,,,,
1/15/1993,0.000837078,0.000505752,,,,,
1/16/1993,0.000830142,0.000489058,,,,,
1/17/1993,0.000823227,0.000474001,,,,,
1/18/1993,0.000816334,0.000367702,,,,,
1/19/1993,0.000809462,0.000286782,,,,,
1/20/1993,0.001058133,0.000266205,,,,,
1/21/1993,0.010800659,0.000555532,,,,,
1/22/1993,0.006791386,0.000647288,,,,,
1/23/1993,0.004658311,0.001010969,,,,,
1/24/1993,0.004365978,0.001405128,,,,,
1/25/1993,0.002715399,0.001107039,,,,,
1/26/1993,0.002103801,0.001726535,,,,,
1/27/1993,0.001629717,0.001290184,,,,,
1/28/1993,0.001444783,0.001082875,,,,,
1/29/1993,0.001119534,0.000846145,,,,,
1/30/1993,0.001148242,0.000750133,,,,,
1/31/1993,0.001115979,0.000564039,,,,,
2/1/1993,0.000760113,0.000500126,,,,,
2/2/1993,0.000663284,0.000528564,,,,,
2/3/1993,0.000612128,0.00048048,,,,,
2/4/1993,0.000508588,0.0003722,,,,,
2/5/1993,0.000541255,0.000374137,,,,,
2/6/1993,0.000481397,0.000358957,,,,,
2/7/1993,0.000493512,0.000321947,,,,,
2/8/1993,0.000370644,0.000329916,,,,,
2/9/1993,0.000340826,0.000340755,,,,,
2/10/1993,0.000316477,0.000303027,,,,,
2/11/1993,0.000307445,0.000316821,,,,,
2/12/1993,0.000389447,0.000265784,,,,,
2/13/1993,0.000362864,0.000246933,,,,,
2/14/1993,0.000236552,0.000321919,,,,,
2/15/1993,0.000128129,0.000474714,,,,,
2/16/1993,0.000254311,0.000409679,,,,,
2/17/1993,0,0.000337975,,,,,
2/18/1993,0,0.000304937,,,,,
2/19/1993,0,0.000264913,,,,,
2/20/1993,0,0.000260319,,,,,
2/21/1993,0,0.000557817,,,,,
2/22/1993,0,0.000449875,,,,,
2/23/1993,0,0.000345756,,,,,
2/24/1993,0,0.000336466,,,,,
2/25/1993,0,0.000251734,,,,,
2/26/1993,0,0.000228129,,,,,
2/27/1993,0,0.00023431,,,,,
2/28/1993,0,0.000240541,,,,,
3/1/1993,0,0.000915467,,,,,
3/2/1993,0.000267941,0.001494794,,,,,
3/3/1993,0.001379689,0.001142487,,,,,
3/4/1993,0.002846314,0.000844069,,,,,
3/5/1993,0.001969633,0.000654223,,,,,
3/6/1993,0.001456044,0.001108322,,,,,
3/7/1993,0.001295314,0.001609488,,,,,
3/8/1993,0.000985358,0.001407117,,,,,
3/9/1993,0.000785423,0.001253114,,,,,
3/10/1993,0.000670482,0.001285172,,,,,
3/11/1993,0.000520021,0.000926972,,,,,
3/12/1993,0.00036114,0.000747778,,,,,
3/13/1993,0.000190968,0.000683289,,,,,
3/14/1993,3.35E-05,0.000574067,,,,,
3/15/1993,0,0.000447216,,,,,
3/16/1993,0,0.000461352,,,,,
3/17/1993,0,0.000587429,,,,,
3/18/1993,0,0.000568698,,,,,
3/19/1993,0.000193507,0.000634062,,,,,
3/20/1993,0.00130782,0.001370479,,,,,
3/21/1993,0.001344272,0.001328151,,,,,
3/22/1993,0.002984017,0.000723099,,,,,
3/23/1993,0.00436158,0.001347386,,,,,
3/24/1993,0.002387929,0.00145936,,,,,
3/25/1993,0.001764591,0.00107166,,,,,
3/26/1993,0.001519674,0.000885207,,,,,
3/27/1993,0.001311263,0.000719225,,,,,
3/28/1993,0.001115368,0.000622601,,,,,
3/29/1993,0.000932108,0.000572966,,,,,
3/30/1993,0.000801644,0.000530683,,,,,
3/31/1993,0.000802427,0.000465393,,,,,
4/1/1993,0.000571758,0.000392519,,,,,
4/2/1993,0.000438819,0.000391647,,,,,
4/3/1993,0.000399474,0.000354796,,,,,
4/4/1993,0.000393136,0.000340988,,,,,
4/5/1993,0.000387113,0.000324272,,,,,
4/6/1993,0.000358913,0.000278669,,,,,
4/7/1993,0.000342388,0.00028441,,,,,
4/8/1993,0.000322486,0.000276209,,,,,
4/9/1993,0.000276805,0.000262076,,,,,
4/10/1993,0.000139854,0.000257483,,,,,
4/11/1993,0.000116343,0.000227081,,,,,
4/12/1993,0,0.000279125,,,,,
4/13/1993,0.000546803,0.001694979,,,,,
4/14/1993,0.006401632,0.001102217,,,,,
4/15/1993,0.009741684,0.001338316,,,,,
4/16/1993,0.00446373,0.001177442,,,,,
4/17/1993,0.002562775,0.000688932,,,,,
4/18/1993,0.002088644,0.000431094,,,,,
4/19/1993,0.001905796,0.000238515,,,,,
4/20/1993,0.002871225,0.000926956,,,,,
4/21/1993,0.001949793,0.000970559,,,,,
4/22/1993,0.001590047,0.000837162,,,,,
4/23/1993,0.001357902,0.000717432,,,,,
4/24/1993,0.001430693,0.00104528,,,,,
4/25/1993,0.0094258,0.001538101,,,,,
4/26/1993,0.003360566,0.001235602,,,,,
4/27/1993,0.002227981,0.000937782,,,,,
4/28/1993,0.001927016,0.000782518,,,,,
4/29/1993,0.001684816,0.000651408,,,,,
4/30/1993,0.001449393,0.000577823,,,,,
5/1/1993,0.001208289,0.000517845,,,,,
5/2/1993,0.000982026,0.000457947,,,,,
5/3/1993,0.000788744,0.000429213,,,,,
5/4/1993,0.00074185,0.000389889,,,,,
5/5/1993,0.000726486,0.000366014,,,,,
5/6/1993,0.000693346,0.000361829,,,,,
5/7/1993,0.000638938,0.000352739,,,,,
5/8/1993,0.000590912,0.000334916,,,,,
5/9/1993,0.0005442,0.000328699,,,,,
5/10/1993,0.00049881,0.000324628,,,,,
5/11/1993,0.000454747,0.00034021,,,,,
5/12/1993,0.000412019,0.000337068,,,,,
5/13/1993,0.000370634,0.000280777,,,,,
5/14/1993,0.0003306,0.00026538,,,,,
5/15/1993,0.000291924,0.000258184,,,,,
5/16/1993,0.000254614,0.000258155,,,,,
5/17/1993,0.00021868,0.000258155,,,,,
5/18/1993,0.000184128,0.000243824,,,,,
5/19/1993,0.000159083,0.000235965,,,,,
5/20/1993,0.000176367,0.000229146,,,,,
5/21/1993,0.00017811,0.000208636,,,,,
5/22/1993,0.000177151,0.000209648,,,,,
5/23/1993,0.000176193,0.000215414,,,,,
5/24/1993,0.000175236,0.00017244,,,,,
5/25/1993,0.00017428,0.000162718,,,,,
5/26/1993,0.000173325,0.000162718,,,,,
5/27/1993,0.000172371,0.000162718,,,,,
5/28/1993,0.000171419,0.000154569,,,,,
5/29/1993,0.000170468,0.000148385,,,,,
5/30/1993,0.000169517,0.000162579,,,,,
5/31/1993,0.000168568,0.000144397,,,,,
6/1/1993,0.00016762,0.000143225,,,,,
6/2/1993,0.000166673,0.000143225,,,,,
6/3/1993,0.000165728,0.000158845,,,,,
6/4/1993,0.004388883,0.000903965,,,,,
6/5/1993,0.00310948,0.000480771,,,,,
6/6/1993,0.002324572,0.000325186,,,,,
6/7/1993,0.001595698,0.000286102,,,,,
6/8/1993,0.001119323,0.000250299,,,,,
6/9/1993,0.00134476,0.000232861,,,,,
6/10/1993,0.001040659,0.000222141,,,,,
6/11/1993,0.00079177,0.000187722,,,,,
6/12/1993,0.000568932,0.0001727,,,,,
6/13/1993,0.000379996,0.0001727,,,,,
6/14/1993,0.000245593,0.000168704,,,,,
6/15/1993,3.47E-05,0.000151443,,,,,
6/16/1993,2.60E-05,0.00015118,,,,,
6/17/1993,4.20E-05,0.000149228,,,,,
6/18/1993,2.72E-05,0.000147282,,,,,
6/19/1993,1.06E-05,0.000145342,,,,,
6/20/1993,0.000370254,0.000542602,,,,,
6/21/1993,0.00047566,0.000549405,,,,,
6/22/1993,0.000332765,0.000323981,,,,,
6/23/1993,0.000231829,0.000257824,,,,,
6/24/1993,0.000159082,0.000231132,,,,,
6/25/1993,0.000139471,0.000206301,,,,,
6/26/1993,0.00012449,0.000190326,,,,,
6/27/1993,0.000109825,0.000176395,,,,,
6/28/1993,9.55E-05,0.000458852,,,,,
6/29/1993,0.000351903,0.000395709,,,,,
6/30/1993,0.002895254,0.001093573,,,,,
7/1/1993,0.003031524,0.00121792,,,,,
7/2/1993,0.005575433,0.002329928,,,,,
7/3/1993,0.0033254,0.001619217,,,,,
7/4/1993,0.002325819,0.001257151,,,,,
7/5/1993,0.001270156,0.000864807,,,,,
7/6/1993,0.000643085,0.000634458,,,,,
7/7/1993,0.003344187,0.000548585,,,,,
7/8/1993,0.002235419,0.001647307,,,,,
7/9/1993,0.001659387,0.001135491,,,,,
7/10/1993,0.000775085,0.001012541,,,,,
7/11/1993,0.000160409,0.000496004,,,,,
7/12/1993,8.36E-05,0.0004406,,,,,
7/13/1993,0.00011888,0.000429416,,,,,
7/14/1993,0.004096106,0.001609295,,,,,
7/15/1993,0.001189033,0.000964819,,,,,
7/16/1993,0.007346817,0.001293231,,,,,
7/17/1993,0.003151362,0.001488538,,,,,
7/18/1993,0.007049149,0.001374833,,,,,
7/19/1993,0.00569924,0.001950718,,,,,
7/20/1993,0.002352895,0.001553326,,,,,
7/21/1993,0.00131704,0.001127899,,,,,
7/22/1993,0.001032791,0.000774676,,,,,
7/23/1993,0.000867255,0.000648625,,,,,
7/24/1993,0.002348655,0.00083301,,,,,
7/25/1993,0.002417619,0.000806628,,,,,
7/26/1993,0.00117295,0.001552422,,,,,
7/27/1993,0.000914669,0.00093425,,,,,
7/28/1993,0.000459647,0.00067817,,,,,
7/29/1993,0,0.000561376,,,,,
7/30/1993,0,0.000453504,,,,,
7/31/1993,0,0.000386031,,,,,
8/1/1993,0,0.000339626,,,,,
8/2/1993,0,0.000303201,,,,,
8/3/1993,0,0.000276474,,,,,
8/4/1993,0,0.000368036,,,,,
8/5/1993,0,0.000234065,,,,,
8/6/1993,0,0.000196577,,,,,
8/7/1993,0,0.000172121,,,,,
8/8/1993,0,0.00016162,,,,,
8/9/1993,0,0.000127897,,,,,
8/10/1993,0,0.000114085,,,,,
8/11/1993,0,0.000269396,,,,,
8/12/1993,0,0.000228506,,,,,
8/13/1993,0,0.000168076,,,,,
8/14/1993,0,0.000139296,,,,,
8/15/1993,0,0.000117286,,,,,
8/16/1993,3.86E-06,0.000141956,,,,,
8/17/1993,0.005408842,0.001875308,,,,,
8/18/1993,0.001453761,0.000514916,,,,,
8/19/1993,0.001290797,0.000324183,,,,,
8/20/1993,0.000470912,0.000187879,,,,,
8/21/1993,0,0.000150475,,,,,
8/22/1993,0,0.000144104,,,,,
8/23/1993,0,0.000157662,,,,,
8/24/1993,0,0.000107248,,,,,
8/25/1993,0,7.74E-05,,,,,
8/26/1993,0,6.56E-05,,,,,
8/27/1993,0,5.28E-05,,,,,
8/28/1993,0,0.00011213,,,,,
8/29/1993,0,6.06E-05,,,,,
8/30/1993,0,4.68E-05,,,,,
8/31/1993,0,0.000270011,,,,,
9/1/1993,0,0.000145642,,,,,
9/2/1993,0.001314221,0.000625718,,,,,
9/3/1993,0.004422672,0.001564298,,,,,
9/4/1993,0.001450863,0.001188896,,,,,
9/5/1993,0.000670461,0.001024411,,,,,
9/6/1993,5.15E-05,0.000870161,,,,,
9/7/1993,0,0.000726222,,,,,
9/8/1993,0,0.0005927,,,,,
9/9/1993,0,0.000469735,,,,,
9/10/1993,0,0.000357493,,,,,
9/11/1993,0,0.000256166,,,,,
9/12/1993,0.001832134,0.000165972,,,,,
9/13/1993,0.001323503,1.00E-04,,,,,
9/14/1993,0.005223078,0.00098514,,,,,
9/15/1993,0.006072564,0.001452374,,,,,
9/16/1993,0.003166109,0.000791554,,,,,
9/17/1993,0.00242807,0.000409293,,,,,
9/18/1993,0.001777578,0.000322173,,,,,
9/19/1993,0.00121457,0.000251418,,,,,
9/20/1993,0.000740524,0.000186321,,,,,
9/21/1993,0.000396448,0.002756659,,,,,
9/22/1993,0.000256773,0.002656003,,,,,
9/23/1993,0.000115376,0.002331393,,,,,
9/24/1993,0,0.002026825,,,,,
9/25/1993,0.002871543,0.001741937,,,,,
9/26/1993,0.003809213,0.001476477,,,,,
9/27/1993,0.005622234,0.001273147,,,,,
9/28/1993,0.002950189,0.001143019,,,,,
9/29/1993,0.002092914,0.000767999,,,,,
9/30/1993,0.001661007,0.000429137,,,,,
10/1/1993,0.001232802,0.000435971,,,,,
10/2/1993,0.00084316,0.000332308,,,,,
10/3/1993,0.000777974,0.000263557,,,,,
10/4/1993,0.00067108,0.000291937,,,,,
10/5/1993,0.000127971,0.000321842,,,,,
10/6/1993,0.00011569,0.000352698,,,,,
10/7/1993,4.46E-05,0.000384499,,,,,
10/8/1993,0.000160747,0.000417241,,,,,
10/9/1993,0.004644767,0.000450917,,,,,
10/10/1993,0.002315603,0.000485523,,,,,
10/11/1993,0.001680016,0.000521055,,,,,
10/12/1993,0.001215499,0.000560143,,,,,
10/13/1993,0.000940859,0.000555272,,,,,
10/14/1993,0.000675118,0.000522819,,,,,
10/15/1993,0.000519522,0.000491096,,,,,
10/16/1993,0.000554837,0.000460106,,,,,
10/17/1993,0.005879327,0.000429853,,,,,
10/18/1993,0.002598197,0.000816867,,,,,
10/19/1993,0.001824846,0.000811478,,,,,
10/20/1993,0.00314611,0.001892833,,,,,
10/21/1993,0.003066143,0.001795459,,,,,
10/22/1993,0.002462674,0.001287954,,,,,
10/23/1993,0.002075258,0.000949135,,,,,
10/24/1993,0.001716596,0.000787425,,,,,
10/25/1993,0.001386769,0.000651086,,,,,
10/26/1993,0.001086023,0.000557598,,,,,
10/27/1993,0.000837662,0.000522683,,,,,
10/28/1993,0.000740305,0.000495422,,,,,
10/29/1993,6.87E-05,0.000418532,,,,,
10/30/1993,0,0.000388934,,,,,
10/31/1993,0,0.000349581,,,,,
11/1/1993,0,0.000296814,,,,,
11/2/1993,0,0.00026029,,,,,
11/3/1993,0,0.000275289,,,,,
11/4/1993,0,0.000281436,,,,,
11/5/1993,0,0.000258262,,,,,
11/6/1993,0,0.000243359,,,,,
11/7/1993,0,0.000228728,,,,,
11/8/1993,0,0.000215156,,,,,
11/9/1993,0,0.00020684,,,,,
11/10/1993,0,0.00019948,,,,,
11/11/1993,0,0.000198311,,,,,
11/12/1993,0,0.000240275,,,,,
11/13/1993,9.07E-05,0.000460148,,,,,
11/14/1993,0.008963031,0.002807036,,,,,
11/15/1993,0.005477813,0.002413814,,,,,
11/16/1993,0.003439857,0.001634182,,,,,
11/17/1993,0.017327441,0.003524134,,,,,
11/18/1993,0.008034444,0.002539421,,,,,
11/19/1993,0.004472075,0.001700602,,,,,
11/20/1993,0.003131474,0.0011713,,,,,
11/21/1993,0.002353427,0.000895814,,,,,
11/22/1993,0.001746926,0.000700229,,,,,
11/23/1993,0.001477679,0.000672645,,,,,
11/24/1993,0.001141762,0.000612498,,,,,
11/25/1993,0.002270268,0.001203427,,,,,
11/26/1993,0.007651099,0.003489787,,,,,
11/27/1993,0.00412608,0.001957657,,,,,
11/28/1993,0.002842404,0.001386076,,,,,
11/29/1993,0.001990014,0.001109398,,,,,
11/30/1993,0.001526288,0.00088488,,,,,
12/1/1993,0.0019019,0.00124644,,,,,
12/2/1993,0.006223934,0.003424263,,,,,
12/3/1993,0.004269569,0.002187234,,,,,
12/4/1993,0.004507222,0.002144439,,,,,
12/5/1993,0.003225228,0.001466374,,,,,
12/6/1993,0.00238536,0.001112945,,,,,
12/7/1993,0.001869214,0.000930821,,,,,
12/8/1993,0.001485555,0.000771606,,,,,
12/9/1993,0.001321198,0.00071253,,,,,
12/10/1993,0.001037475,0.000558066,,,,,
12/11/1993,0.000744584,0.000495751,,,,,
12/12/1993,0.000774363,0.000481269,,,,,
12/13/1993,0.000729474,0.000467126,,,,,
12/14/1993,0.000680435,0.000588182,,,,,
12/15/1993,0.000329979,0.000504907,,,,,
12/16/1993,0,0.000477942,,,,,
12/17/1993,0,0.000509744,,,,,
12/18/1993,0.000823144,0.000764181,,,,,
12/19/1993,0.000659042,0.000687452,,,,,
12/20/1993,0.001943884,0.001459604,,,,,
12/21/1993,0.00171039,0.001196913,,,,,
12/22/1993,0.001221881,0.000863718,,,,,
12/23/1993,0.000919156,0.000649686,,,,,
12/24/1993,0.000911519,0.000626184,,,,,
12/25/1993,0.000384845,0.000506702,,,,,
12/26/1993,2.87E-05,0.000422155,,,,,
12/27/1993,0,0.00039037,,,,,
12/28/1993,0,0.000376356,,,,,
12/29/1993,0,0.000319807,,,,,
12/30/1993,0,0.000266668,,,,,
12/31/1993,0,0.000262642,,,,,
1/1/1994,0,0.000258635,,,,,
1/2/1994,0,0.000254647,,,,,
1/3/1994,0,0.000250679,,,,,
1/4/1994,0,0.000245723,,,,,
1/5/1994,0,0.000235903,,,,,
1/6/1994,0,0.000223444,,,,,
1/7/1994,0,0.000195705,,,,,
1/8/1994,0,0.000165844,,,,,
1/9/1994,0,0.000148449,,,,,
1/10/1994,0,0.000160696,,,,,
1/11/1994,0,0.000162718,,,,,
1/12/1994,0,0.000162718,,,,,
1/13/1994,0,0.00016059,,,,,
1/14/1994,0,0.00014211,,,,,
1/15/1994,0,0.000126006,,,,,
1/16/1994,0,0.000127075,,,,,
1/17/1994,0,0.000129393,,,,,
1/18/1994,3.57E-05,0.000131722,,,,,
1/19/1994,0.000321235,0.00013406,,,,,
1/20/1994,0.00054076,0.000136407,,,,,
1/21/1994,0.000599415,0.000138765,,,,,
1/22/1994,0.000574075,0.000141132,,,,,
1/23/1994,0.000451783,0.000164031,,,,,
1/24/1994,0.00023917,0.000465894,,,,,
1/25/1994,0.002135999,0.002042531,,,,,
1/26/1994,0.001370077,0.000527437,,,,,
1/27/1994,0.004986963,0.002045989,,,,,
1/28/1994,0.00629099,0.002502125,,,,,
1/29/1994,0.001983243,0.000601362,,,,,
1/30/1994,0.001120505,0.00038002,,,,,
1/31/1994,0.000802847,0.000293548,,,,,
2/1/1994,0.000608545,0.000239707,,,,,
2/2/1994,0.000327453,0.000221087,,,,,
2/3/1994,0,0.000170163,,,,,
2/4/1994,0,0.000145388,,,,,
2/5/1994,0,0.000143225,,,,,
2/6/1994,0,0.000143225,,,,,
2/7/1994,0,0.000143225,,,,,
2/8/1994,0,0.000140042,,,,,
2/9/1994,0,0.000114711,,,,,
2/10/1994,0,9.66E-05,,,,,
2/11/1994,0,9.44E-05,,,,,
2/12/1994,0,9.24E-05,,,,,
2/13/1994,0,9.03E-05,,,,,
2/14/1994,0,8.65E-05,,,,,
2/15/1994,0,0.000109424,,,,,
2/16/1994,0,0.000105074,,,,,
2/17/1994,0.000185756,0.000150656,,,,,
2/18/1994,0.000570119,0.000165125,,,,,
2/19/1994,0.001974516,0.000152563,,,,,
2/20/1994,0.002765141,0.000245795,,,,,
2/21/1994,0.0017209,0.00020557,,,,,
2/22/1994,0.001233723,0.000186147,,,,,
2/23/1994,0.000933937,0.000166567,,,,,
2/24/1994,0.000526651,0.000145762,,,,,
2/25/1994,0.000281136,0.000136397,,,,,
2/26/1994,0,0.000107486,,,,,
2/27/1994,0,0.000106133,,,,,
2/28/1994,0,0.000106133,,,,,
3/1/1994,0,0.000106133,,,,,
3/2/1994,0,0.000106133,,,,,
3/3/1994,0.000118188,0.000456655,,,,,
3/4/1994,0.000669919,0.001459655,,,,,
3/5/1994,0.000930184,0.001056333,,,,,
3/6/1994,0.000938105,0.000940808,,,,,
3/7/1994,0.002364217,0.001509876,,,,,
3/8/1994,0.00190817,0.00116451,,,,,
3/9/1994,0.001433607,0.000810267,,,,,
3/10/1994,0.001029761,0.000596772,,,,,
3/11/1994,0.000740964,0.000439545,,,,,
3/12/1994,0.000621628,0.000386137,,,,,
3/13/1994,0.000547603,0.000371835,,,,,
3/14/1994,0.000521282,0.000352053,,,,,
3/15/1994,0.000296245,0.000309361,,,,,
3/16/1994,0,0.000299828,,,,,
3/17/1994,0.000190062,0.000295052,,,,,
3/18/1994,0.000164411,0.000267988,,,,,
3/19/1994,0,0.000211632,,,,,
3/20/1994,0,0.00020843,,,,,
3/21/1994,0,0.000205525,,,,,
3/22/1994,0,0.000187454,,,,,
3/23/1994,0,0.000156464,,,,,
3/24/1994,0,0.00014898,,,,,
3/25/1994,0,0.000142131,,,,,
3/26/1994,0,0.000151096,,,,,
3/27/1994,0,0.000163289,,,,,
3/28/1994,0,0.000160524,,,,,
3/29/1994,0,0.00016,,,,,
3/30/1994,0,0.000160266,,,,,
3/31/1994,0,0.000158635,,,,,
4/1/1994,0,0.000146465,,,,,
4/2/1994,0,0.000139878,,,,,
4/3/1994,0,0.00015062,,,,,
4/4/1994,0,0.000154362,,,,,
4/5/1994,0,0.000165598,,,,,
4/6/1994,0.000455863,0.000518262,,,,,
4/7/1994,0.000560803,0.0009498,,,,,
4/8/1994,0.000650315,0.001264446,,,,,
4/9/1994,0.00052544,0.000968521,,,,,
4/10/1994,0.006365958,0.004562706,,,,,
4/11/1994,0.009836902,0.004466568,,,,,
4/12/1994,0.01816769,0.004968744,,,,,
4/13/1994,0.00783545,0.002337944,,,,,
4/14/1994,0.00476987,0.001409441,,,,,
4/15/1994,0.004156991,0.003208725,,,,,
4/16/1994,0.003506072,0.001929935,,,,,
4/17/1994,0.002779617,0.001315152,,,,,
4/18/1994,0.002387112,0.001090972,,,,,
4/19/1994,0.001832605,0.000863183,,,,,
4/20/1994,0.001538558,0.000758111,,,,,
4/21/1994,0.00124785,0.000679801,,,,,
4/22/1994,0.001143705,0.000646227,,,,,
4/23/1994,0.001117858,0.00056604,,,,,
4/24/1994,0.001097755,0.000543695,,,,,
4/25/1994,0.000986122,0.000540254,,,,,
4/26/1994,0.000883962,0.000521523,,,,,
4/27/1994,0.001112206,0.000303348,,,,,
4/28/1994,0.008708047,0.003385447,,,,,
4/29/1994,0.006653169,0.002514646,,,,,
4/30/1994,0.006725246,0.003543316,,,,,
5/1/1994,0.004963235,0.002067389,,,,,
5/2/1994,0.003585468,0.001264785,,,,,
5/3/1994,0.002906375,0.001011048,,,,,
5/4/1994,0.00230423,0.000752028,,,,,
5/5/1994,0.001856308,0.000602177,,,,,
5/6/1994,0.002105821,0.001374509,,,,,
5/7/1994,0.009582512,0.004589199,,,,,
5/8/1994,0.005099346,0.001923903,,,,,
5/9/1994,0.003529058,0.001226149,,,,,
5/10/1994,0.002680753,0.000795831,,,,,
5/11/1994,0.002279462,0.000697571,,,,,
5/12/1994,0.002003068,0.000680985,,,,,
5/13/1994,0.001704985,0.000645486,,,,,
5/14/1994,0.001427174,0.000584321,,,,,
5/15/1994,0.001174468,0.000520676,,,,,
5/16/1994,0.001055022,0.00045979,,,,,
5/17/1994,0.000986035,0.000356691,,,,,
5/18/1994,0.000918928,0.000332539,,,,,
5/19/1994,0.000873134,0.000325998,,,,,
5/20/1994,0.000842699,0.000319499,,,,,
5/21/1994,0.000812669,0.000313045,,,,,
5/22/1994,0.000782224,0.000306633,,,,,
5/23/1994,0.000741774,0.000300266,,,,,
5/24/1994,0.000486928,0.002190785,,,,,
5/25/1994,0,0.004504149,,,,,
5/26/1994,0.003286328,0.002108807,,,,,
5/27/1994,0.002657426,0.001133883,,,,,
5/28/1994,0.002087029,0.000919088,,,,,
5/29/1994,0.001714498,0.000817958,,,,,
5/30/1994,0.001514637,0.000721592,,,,,
5/31/1994,0.001306341,0.000628686,,,,,
6/1/1994,0.001056444,0.00045674,,,,,
6/2/1994,0.000864803,0.000348727,,,,,
6/3/1994,0.000879214,0.000337028,,,,,
6/4/1994,0.000859229,0.000333557,,,,,
6/5/1994,0.000809849,0.000330098,,,,,
6/6/1994,0.00076156,0.00032665,,,,,
6/7/1994,0.000688403,0.000323215,,,,,
6/8/1994,0.000487603,0.000319792,,,,,
6/9/1994,0.000419886,0.000313198,,,,,
6/10/1994,0.000371831,0.000291332,,,,,
6/11/1994,0.000325585,0.000267946,,,,,
6/12/1994,0.000280608,0.000245185,,,,,
6/13/1994,0.000195192,0.00022305,,,,,
6/14/1994,5.75E-07,0.000201545,,,,,
6/15/1994,0,0.00018389,,,,,
6/16/1994,0,0.000179651,,,,,
6/17/1994,0,0.00017679,,,,,
6/18/1994,0,0.00017394,,,,,
6/19/1994,0,0.000171103,,,,,
6/20/1994,0,0.000168279,,,,,
6/21/1994,0,0.000165467,,,,,
6/22/1994,0,0.000160314,,,,,
6/23/1994,0,0.00014232,,,,,
6/24/1994,0,0.000127004,,,,,
6/25/1994,0,0.000130472,,,,,
6/26/1994,0,0.000136177,,,,,
6/27/1994,0,0.000141939,,,,,
6/28/1994,0,0.00014776,,,,,
6/29/1994,0,0.000153372,,,,,
6/30/1994,0,0.000158055,,,,,
7/1/1994,0,0.000162676,,,,,
7/2/1994,0,0.000167332,,,,,
7/3/1994,0,0.000172022,,,,,
7/4/1994,0,0.000176746,,,,,
7/5/1994,0,0.000178506,,,,,
7/6/1994,0,0.000117164,,,,,
7/7/1994,0,0.000103152,,,,,
7/8/1994,0,0.000100318,,,,,
7/9/1994,0,9.75E-05,,,,,
7/10/1994,0,9.47E-05,,,,,
7/11/1994,0,9.19E-05,,,,,
7/12/1994,0,8.82E-05,,,,,
7/13/1994,0,6.91E-05,,,,,
7/14/1994,0,4.52E-05,,,,,
7/15/1994,0,2.28E-05,,,,,
7/16/1994,0,5.99E-06,,,,,
7/17/1994,0,0,,,,,
7/18/1994,0,0,,,,,
7/19/1994,0,0,,,,,
7/20/1994,0,0.00020811,,,,,
7/21/1994,0,0.000839179,,,,,
7/22/1994,0,0.000640451,,,,,
7/23/1994,0,0.000464237,,,,,
7/24/1994,0,0.000309527,,,,,
7/25/1994,0,0.000176887,,,,,
7/26/1994,0,6.70E-05,,,,,
7/27/1994,0,5.95E-06,,,,,
7/28/1994,0,0,,,,,
7/29/1994,0,0,,,,,
7/30/1994,0,0,,,,,
7/31/1994,0,0,,,,,
8/1/1994,0,4.32E-05,,,,,
8/2/1994,0,4.54E-05,,,,,
8/3/1994,0,6.12E-05,,,,,
8/4/1994,0,3.44E-05,,,,,
8/5/1994,0,0,,,,,
8/6/1994,0,0,,,,,
8/7/1994,0,0,,,,,
8/8/1994,0,0,,,,,
8/9/1994,0,0,,,,,
8/10/1994,0,0,,,,,
8/11/1994,0,0,,,,,
8/12/1994,0,0,,,,,
8/13/1994,0,6.12E-05,,,,,
8/14/1994,0,3.69E-07,,,,,
8/15/1994,0,0,,,,,
8/16/1994,0,0,,,,,
8/17/1994,0,0,,,,,
8/18/1994,0,0,,,,,
8/19/1994,0,0,,,,,
8/20/1994,0,0.000193567,,,,,
8/21/1994,0,0.000236081,,,,,
8/22/1994,0,0.000137718,,,,,
8/23/1994,0,0.000144064,,,,,
8/24/1994,0,0.000163046,,,,,
8/25/1994,0,0.000182622,,,,,
8/26/1994,0,0.000202789,,,,,
8/27/1994,0,0.000223544,,,,,
8/28/1994,0,0.000106622,,,,,
8/29/1994,0,2.55E-05,,,,,
8/30/1994,0,4.54E-06,,,,,
8/31/1994,0,0,,,,,
9/1/1994,0,0,,,,,
9/2/1994,0,0,,,,,
9/3/1994,0,0,,,,,
9/4/1994,0,0,,,,,
9/5/1994,0,0,,,,,
9/6/1994,0,0,,,,,
9/7/1994,0,0,,,,,
9/8/1994,0,0,,,,,
9/9/1994,0,0,,,,,
9/10/1994,0,0,,,,,
9/11/1994,0,0,,,,,
9/12/1994,0,0,,,,,
9/13/1994,0,0,,,,,
9/14/1994,0,0,,,,,
9/15/1994,0,0,,,,,
9/16/1994,0,0,,,,,
9/17/1994,0,0,,,,,
9/18/1994,0,0,,,,,
9/19/1994,0,0,,,,,
9/20/1994,0,0,,,,,
9/21/1994,0,0,,,,,
9/22/1994,0,0,,,,,
9/23/1994,0,8.73E-06,,,,,
9/24/1994,0,9.14E-05,,,,,
9/25/1994,0,0.000122599,,,,,
9/26/1994,0,0.000773602,,,,,
9/27/1994,0,0.000218394,,,,,
9/28/1994,0,0.000159904,,,,,
9/29/1994,0,0.000148579,,,,,
9/30/1994,0,0.000137466,,,,,
10/1/1994,0,0.000127082,,,,,
10/2/1994,0,0.000125295,,,,,
10/3/1994,0,0.000126467,,,,,
10/4/1994,0,0.000127641,,,,,
10/5/1994,0,0.000128817,,,,,
10/6/1994,0,0.000129997,,,,,
10/7/1994,0,0.000131178,,,,,
10/8/1994,0,0.000132362,,,,,
10/9/1994,0,0.000133004,,,,,
10/10/1994,0,0.000127555,,,,,
10/11/1994,0,0.00012047,,,,,
10/12/1994,0,0.000113478,,,,,
10/13/1994,0,0.000107224,,,,,
10/14/1994,0,0.000106133,,,,,
10/15/1994,0,0.000106133,,,,,
10/16/1994,0,0.000106133,,,,,
10/17/1994,0,0.000106133,,,,,
10/18/1994,0,0.000106493,,,,,
10/19/1994,0,0.00010747,,,,,
10/20/1994,0,0.000108459,,,,,
10/21/1994,0,0.000109451,,,,,
10/22/1994,0,0.000110444,,,,,
10/23/1994,0,0.000111439,,,,,
10/24/1994,0,0.000112437,,,,,
10/25/1994,0,0.000113436,,,,,
10/26/1994,0,0.000114437,,,,,
10/27/1994,0,0.000120043,,,,,
10/28/1994,0,0.000136383,,,,,
10/29/1994,0,0.000153611,,,,,
10/30/1994,0,0.000171344,,,,,
10/31/1994,0,0.000208763,,,,,
11/1/1994,0,0.000156337,,,,,
11/2/1994,0,0.000144048,,,,,
11/3/1994,0,0.000154129,,,,,
11/4/1994,0,0.000718124,,,,,
11/5/1994,0,0.001096268,,,,,
11/6/1994,0,0.000773203,,,,,
11/7/1994,0,0.000398798,,,,,
11/8/1994,0,0.000316848,,,,,
11/9/1994,0,0.00134133,,,,,
11/10/1994,0,0.001034264,,,,,
11/11/1994,0,0.000577454,,,,,
11/12/1994,0,0.000476116,,,,,
11/13/1994,0,0.000333869,,,,,
11/14/1994,0,0.000332302,,,,,
11/15/1994,0,0.00033478,,,,,
11/16/1994,0,0.000337265,,,,,
11/17/1994,0,0.00033962,,,,,
11/18/1994,0,0.000323262,,,,,
11/19/1994,0,0.000386289,,,,,
11/20/1994,0,0.000457717,,,,,
11/21/1994,0,0.001095241,,,,,
11/22/1994,0,0.000467942,,,,,
11/23/1994,0,0.000431214,,,,,
11/24/1994,0,0.000431214,,,,,
11/25/1994,0,0.000431214,,,,,
11/26/1994,0,0.000455148,,,,,
11/27/1994,0,0.000620452,,,,,
11/28/1994,0,0.000689205,,,,,
11/29/1994,0,0.000599467,,,,,
11/30/1994,0,0.000532768,,,,,
12/1/1994,0,0.000521053,,,,,
12/2/1994,0,0.000509435,,,,,
12/3/1994,0,0.000445377,,,,,
12/4/1994,0,0.000425372,,,,,
12/5/1994,0,0.000431722,,,,,
12/6/1994,0,0.000438105,,,,,
12/7/1994,0,0.000433805,,,,,
12/8/1994,0,0.000407359,,,,,
12/9/1994,0,0.000862314,,,,,
12/10/1994,0,0.000976548,,,,,
12/11/1994,0,0.000834417,,,,,
12/12/1994,0,0.000703073,,,,,
12/13/1994,0,0.000598084,,,,,
12/14/1994,0,0.00058244,,,,,
12/15/1994,0,0.000577557,,,,,
12/16/1994,0,0.001664513,,,,,
12/17/1994,0,0.001806824,,,,,
12/18/1994,0,0.001189397,,,,,
12/19/1994,0,0.000925463,,,,,
12/20/1994,0,0.000649952,,,,,
12/21/1994,0,0.000504764,,,,,
12/22/1994,0,0.000486048,,,,,
12/23/1994,0,0.00048664,,,,,
12/24/1994,0,0.00048996,,,,,
12/25/1994,0,0.000493629,,,,,
12/26/1994,0,0.000497308,,,,,
12/27/1994,0,0.000499004,,,,,
12/28/1994,0,0.000495591,,,,,
12/29/1994,0,0.00049193,,,,,
12/30/1994,0,0.000488279,,,,,
12/31/1994,0,0.000412945,,,,,
1/1/1995,0,0.00040062,,,,,
1/2/1995,0,0.000397683,,,,,
1/3/1995,0,0.000394754,,,,,
1/4/1995,0,0.000392388,,,,,
1/5/1995,0,0.000394376,,,,,
1/6/1995,0,0.000397295,,,,,
1/7/1995,0,0.000400221,,,,,
1/8/1995,0,0.000403155,,,,,
1/9/1995,0,0.000251136,,,,,
1/10/1995,0,0.000214668,,,,,
1/11/1995,0,0.000255267,,,,,
1/12/1995,0,0.000350957,,,,,
1/13/1995,0,0.000580553,,,,,
1/14/1995,0.000597213,0.001877938,,,,,
1/15/1995,0.000301958,0.001378812,,,,,
1/16/1995,1.62E-07,0.000845595,,,,,
1/17/1995,0,0.000658637,,,,,
1/18/1995,0,0.000565494,,,,,
1/19/1995,0.001149315,0.002889412,,,,,
1/20/1995,0.000783294,0.002031615,,,,,
1/21/1995,0.000447307,0.001224048,,,,,
1/22/1995,0.000182681,0.000935762,,,,,
1/23/1995,5.75E-06,0.00073735,,,,,
1/24/1995,0,0.000560284,,,,,
1/25/1995,0,0.000456628,,,,,
1/26/1995,0,0.000396991,,,,,
1/27/1995,0,0.000370697,,,,,
1/28/1995,0,0.000356019,,,,,
1/29/1995,0,0.000361045,,,,,
1/30/1995,0,0.000367619,,,,,
1/31/1995,0,0.000374233,,,,,
2/1/1995,0,0.000348956,,,,,
2/2/1995,0,0.000305764,,,,,
2/3/1995,0,0.000288851,,,,,
2/4/1995,0,0.00027225,,,,,
2/5/1995,0,0.000257336,,,,,
2/6/1995,0,0.000247683,,,,,
2/7/1995,0,0.000238581,,,,,
2/8/1995,0,0.000229583,,,,,
2/9/1995,0,0.000220688,,,,,
2/10/1995,0,0.000213835,,,,,
2/11/1995,0,0.000211589,,,,,
2/12/1995,0,0.000209537,,,,,
2/13/1995,0,0.000207491,,,,,
2/14/1995,0,0.00020545,,,,,
2/15/1995,0,0.000204455,,,,,
2/16/1995,0,0.000208024,,,,,
2/17/1995,0,0.000212147,,,,,
2/18/1995,0,0.000216294,,,,,
2/19/1995,0,0.000220463,,,,,
2/20/1995,0,0.000223198,,,,,
2/21/1995,0,0.000214258,,,,,
2/22/1995,0,0.00020371,,,,,
2/23/1995,0,0.000197154,,,,,
2/24/1995,0,0.000191147,,,,,
2/25/1995,0,0.000185232,,,,,
2/26/1995,0,0.000183978,,,,,
2/27/1995,0,0.00018587,,,,,
2/28/1995,0,0.000187767,,,,,
3/1/1995,0,0.00018967,,,,,
3/2/1995,0,0.000191578,,,,,
3/3/1995,0,0.000183989,,,,,
3/4/1995,0,0.000148534,,,,,
3/5/1995,0,0.000113172,,,,,
3/6/1995,0,0.000104264,,,,,
3/7/1995,0.005510171,0.006851572,,,,,
3/8/1995,0.003277917,0.002854006,,,,,
3/9/1995,0.001872694,0.001487735,,,,,
3/10/1995,0.001293868,0.001205407,,,,,
3/11/1995,0.001015805,0.001007403,,,,,
3/12/1995,0.000840079,0.000838069,,,,,
3/13/1995,0.000712353,0.000585727,,,,,
3/14/1995,0.000635592,0.00053384,,,,,
3/15/1995,0.000573184,0.000509813,,,,,
3/16/1995,0.000516703,0.000492372,,,,,
3/17/1995,0.000487367,0.000479447,,,,,
3/18/1995,0.000463174,0.000466647,,,,,
3/19/1995,0.000439383,0.000447374,,,,,
3/20/1995,0.000415997,0.000416942,,,,,
3/21/1995,0.000393015,0.000387042,,,,,
3/22/1995,0.00037348,0.000357521,,,,,
3/23/1995,0.000247553,0.000325744,,,,,
3/24/1995,4.93E-05,0.000316562,,,,,
3/25/1995,2.69E-05,0.000316562,,,,,
3/26/1995,0.000134598,0.000316674,,,,,
3/27/1995,0.000134356,0.000318838,,,,,
3/28/1995,7.46E-06,0.000321773,,,,,
3/29/1995,0,0.000324717,,,,,
3/30/1995,0,0.000315485,,,,,
3/31/1995,0,0.000246933,,,,,
4/1/1995,0,0.000246933,,,,,
4/2/1995,0,0.000246933,,,,,
4/3/1995,0,0.000242147,,,,,
4/4/1995,0,0.000211738,,,,,
4/5/1995,0,0.000200402,,,,,
4/6/1995,0,0.000196533,,,,,
4/7/1995,0,0.000192685,,,,,
4/8/1995,0,0.000188859,,,,,
4/9/1995,0,0.000185053,,,,,
4/10/1995,0,0.000180322,,,,,
4/11/1995,0.000224174,0.000174326,,,,,
4/12/1995,0.000663891,0.000168375,,,,,
4/13/1995,0.000457961,0.000162127,,,,,
4/14/1995,0.000268916,0.000154181,,,,,
4/15/1995,0.000110544,0.00014686,,,,,
4/16/1995,9.80E-05,0.000187819,,,,,
4/17/1995,0.00024067,0.000518063,,,,,
4/18/1995,0.001054197,0.001052415,,,,,
4/19/1995,0.000786067,0.000768056,,,,,
4/20/1995,0.001989052,0.002279779,,,,,
4/21/1995,0.00332194,0.002357972,,,,,
4/22/1995,0.001732791,0.001198996,,,,,
4/23/1995,0.001330186,0.00084638,,,,,
4/24/1995,0.001012158,0.000815611,,,,,
4/25/1995,0.000758058,0.000682592,,,,,
4/26/1995,0.00069785,0.000577534,,,,,
4/27/1995,0.00064373,0.000494759,,,,,
4/28/1995,0.000591171,0.000457291,,,,,
4/29/1995,0.000540967,0.000437721,,,,,
4/30/1995,0.000505201,0.000418459,,,,,
5/1/1995,0.000472598,0.000341012,,,,,
5/2/1995,0.000428895,0.000310265,,,,,
5/3/1995,0.000384358,0.000304091,,,,,
5/4/1995,0.000341346,0.000297958,,,,,
5/5/1995,0.000299868,0.000266205,,,,,
5/6/1995,0.000259933,0.000260833,,,,,
5/7/1995,0.000223699,0.000273219,,,,,
5/8/1995,0.000200421,0.000285785,,,,,
5/9/1995,0.000178086,0.00036217,,,,,
5/10/1995,0.000149037,0.000367392,,,,,
5/11/1995,0.000119772,0.000395726,,,,,
5/12/1995,0.000142708,0.000424786,,,,,
5/13/1995,0.000325707,0.000602296,,,,,
5/14/1995,0.000316685,0.000553026,,,,,
5/15/1995,0.000316685,0.000454603,,,,,
5/16/1995,0.002805153,0.001403978,,,,,
5/17/1995,0.007140674,0.004432641,,,,,
5/18/1995,0.007841446,0.005339508,,,,,
5/19/1995,0.005634094,0.003349167,,,,,
5/20/1995,0.003338562,0.001614931,,,,,
5/21/1995,0.002391535,0.001053202,,,,,
5/22/1995,0.001888562,0.000838645,,,,,
5/23/1995,0.001621964,0.000706225,,,,,
5/24/1995,0.002585616,0.001131736,,,,,
5/25/1995,0.002222141,0.000850316,,,,,
5/26/1995,0.001611699,0.000905759,,,,,
5/27/1995,0.003747171,0.002394529,,,,,
5/28/1995,0.009926802,0.005724459,,,,,
5/29/1995,0.003566415,0.002147565,,,,,
5/30/1995,0.002479271,0.00138286,,,,,
5/31/1995,0.001870581,0.000935971,,,,,
6/1/1995,0.001515119,0.000832531,,,,,
6/2/1995,0.00127523,0.000729449,,,,,
6/3/1995,0.001093868,0.000619391,,,,,
6/4/1995,0.000924432,0.000514352,,,,,
6/5/1995,0.000788125,0.000514352,,,,,
6/6/1995,0.000666613,0.00051453,,,,,
6/7/1995,0.00055252,0.000545363,,,,,
6/8/1995,0.000545072,0.000599712,,,,,
6/9/1995,0.000624859,0.000656001,,,,,
6/10/1995,0.000762105,0.000638291,,,,,
6/11/1995,0.000672967,0.00047037,,,,,
6/12/1995,0.000569755,0.000370166,,,,,
6/13/1995,0.000476153,0.000328191,,,,,
6/14/1995,0.000432747,0.000318679,,,,,
6/15/1995,0.000405436,0.000321738,,,,,
6/16/1995,0.000378686,0.000324806,,,,,
6/17/1995,0.000352499,0.000328891,,,,,
6/18/1995,0.000326876,0.000358185,,,,,
6/19/1995,0.000301821,0.000399361,,,,,
6/20/1995,0.000303863,0.000513313,,,,,
6/21/1995,0.000418126,0.000587479,,,,,
6/22/1995,0.000350848,0.00044545,,,,,
6/23/1995,0.00028831,0.000409204,,,,,
6/24/1995,0.000248197,0.000374055,,,,,
6/25/1995,0.000127007,0.000330625,,,,,
6/26/1995,3.87E-05,0.000275838,,,,,
6/27/1995,0,0.000224136,,,,,
6/28/1995,0,0.000186864,,,,,
6/29/1995,0,0.000220703,,,,,
6/30/1995,0,0.000219938,,,,,
7/1/1995,0,0.000215788,,,,,
7/2/1995,0,0.000211661,,,,,
7/3/1995,0,0.000207557,,,,,
7/4/1995,0,0.000215245,,,,,
7/5/1995,0,0.000289693,,,,,
7/6/1995,0,0.000381057,,,,,
7/7/1995,0,0.000480737,,,,,
7/8/1995,0,0.000588606,,,,,
7/9/1995,0,0.000648743,,,,,
7/10/1995,0,0.000228676,,,,,
7/11/1995,0,0.000149686,,,,,
7/12/1995,0,9.27E-05,,,,,
7/13/1995,0,8.16E-05,,,,,
7/14/1995,0,7.54E-05,,,,,
7/15/1995,0,6.92E-05,,,,,
7/16/1995,0,5.62E-05,,,,,
7/17/1995,0,1.72E-05,,,,,
7/18/1995,0,0,,,,,
7/19/1995,0,0,,,,,
7/20/1995,0,0,,,,,
7/21/1995,0,0,,,,,
7/22/1995,0,0.000210764,,,,,
7/23/1995,0,0.000446418,,,,,
7/24/1995,0,0.000508699,,,,,
7/25/1995,0,0.000296353,,,,,
7/26/1995,0,8.28E-05,,,,,
7/27/1995,0,6.81E-05,,,,,
7/28/1995,0,5.66E-05,,,,,
7/29/1995,0,4.55E-05,,,,,
7/30/1995,0,3.47E-05,,,,,
7/31/1995,0,2.24E-05,,,,,
8/1/1995,0,6.22E-06,,,,,
8/2/1995,0,0,,,,,
8/3/1995,0,7.87E-06,,,,,
8/4/1995,0,2.67E-05,,,,,
8/5/1995,0,4.92E-05,,,,,
8/6/1995,0,7.32E-05,,,,,
8/7/1995,0,0.000114284,,,,,
8/8/1995,0,0.000256057,,,,,
8/9/1995,0,0.000508477,,,,,
8/10/1995,0,0.00011474,,,,,
8/11/1995,0,5.13E-05,,,,,
8/12/1995,0,1.86E-05,,,,,
8/13/1995,0,9.11E-07,,,,,
8/14/1995,0,0,,,,,
8/15/1995,0,0,,,,,
8/16/1995,0,0,,,,,
8/17/1995,0,0,,,,,
8/18/1995,0,0,,,,,
8/19/1995,0,0,,,,,
8/20/1995,0,0,,,,,
8/21/1995,0,0,,,,,
8/22/1995,0,0,,,,,
8/23/1995,0,0,,,,,
8/24/1995,0,0,,,,,
8/25/1995,0,0,,,,,
8/26/1995,0,0,,,,,
8/27/1995,0,0,,,,,
8/28/1995,0,0,,,,,
8/29/1995,0,0,,,,,
8/30/1995,0,0,,,,,
8/31/1995,0,0,,,,,
9/1/1995,0,0,,,,,
9/2/1995,0,0,,,,,
9/3/1995,0,0,,,,,
9/4/1995,0,0,,,,,
9/5/1995,0,0,,,,,
9/6/1995,0,0,,,,,
9/7/1995,0,0,,,,,
9/8/1995,0,0,,,,,
9/9/1995,0,0,,,,,
9/10/1995,0,0,,,,,
9/11/1995,0,0,,,,,
9/12/1995,0,0,,,,,
9/13/1995,0,0,,,,,
9/14/1995,0,0,,,,,
9/15/1995,0,0,,,,,
9/16/1995,0,0,,,,,
9/17/1995,0,0,,,,,
9/18/1995,0,0,,,,,
9/19/1995,0,0,,,,,
9/20/1995,0,0,,,,,
9/21/1995,0,0,,,,,
9/22/1995,0,0,,,,,
9/23/1995,0,0,,,,,
9/24/1995,0,0,,,,,
9/25/1995,0,0,,,,,
9/26/1995,0,0,,,,,
9/27/1995,0,0,,,,,
9/28/1995,0,0,,,,,
9/29/1995,0,0,,,,,
9/30/1995,0,0,,,,,
10/1/1995,0,0,,,,,
10/2/1995,0,0,,,,,
10/3/1995,0,4.71E-06,,,,,
10/4/1995,0,0,,,,,
10/5/1995,0,0,,,,,
10/6/1995,0,0,,,,,
10/7/1995,0,0,,,,,
10/8/1995,0,0,,,,,
10/9/1995,0,0,,,,,
10/10/1995,0,0,,,,,
10/11/1995,0,0,,,,,
10/12/1995,0,0,,,,,
10/13/1995,0,0,,,,,
10/14/1995,0,0,,,,,
10/15/1995,0,0,,,,,
10/16/1995,0,0,,,,,
10/17/1995,0,0,,,,,
10/18/1995,0,0,,,,,
10/19/1995,0,0,,,,,
10/20/1995,0,2.49E-05,,,,,
10/21/1995,0,2.66E-05,,,,,
10/22/1995,0,2.24E-05,,,,,
10/23/1995,0,1.83E-05,,,,,
10/24/1995,0,1.43E-05,,,,,
10/25/1995,0,1.03E-05,,,,,
10/26/1995,0,6.33E-06,,,,,
10/27/1995,0,2.44E-06,,,,,
10/28/1995,0,2.55E-07,,,,,
10/29/1995,0,0,,,,,
10/30/1995,0,0,,,,,
10/31/1995,0,0,,,,,
11/1/1995,0,5.32E-05,,,,,
11/2/1995,0,7.82E-05,,,,,
11/3/1995,0,2.29E-05,,,,,
11/4/1995,0,1.74E-05,,,,,
11/5/1995,0,1.74E-05,,,,,
11/6/1995,0,0.000163726,,,,,
11/7/1995,0,0.000211885,,,,,
11/8/1995,0,0.000101363,,,,,
11/9/1995,0,9.23E-05,,,,,
11/10/1995,0,0.000109333,,,,,
11/11/1995,0,0.000498322,,,,,
11/12/1995,0,0.000228199,,,,,
11/13/1995,0,0.000155923,,,,,
11/14/1995,0,0.00012752,,,,,
11/15/1995,0,0.000102742,,,,,
11/16/1995,0,9.28E-05,,,,,
11/17/1995,0,8.85E-05,,,,,
11/18/1995,0,8.43E-05,,,,,
11/19/1995,0,8.01E-05,,,,,
11/20/1995,0,7.59E-05,,,,,
11/21/1995,0,7.18E-05,,,,,
11/22/1995,0,6.77E-05,,,,,
11/23/1995,0,6.36E-05,,,,,
11/24/1995,0,5.96E-05,,,,,
11/25/1995,0,5.57E-05,,,,,
11/26/1995,0,5.17E-05,,,,,
11/27/1995,0,4.80E-05,,,,,
11/28/1995,0,4.64E-05,,,,,
11/29/1995,0,4.53E-05,,,,,
11/30/1995,0,4.41E-05,,,,,
12/1/1995,0,4.30E-05,,,,,
12/2/1995,0,4.19E-05,,,,,
12/3/1995,0,4.08E-05,,,,,
12/4/1995,0,3.97E-05,,,,,
12/5/1995,0,3.86E-05,,,,,
12/6/1995,0,3.75E-05,,,,,
12/7/1995,0,3.64E-05,,,,,
12/8/1995,0,3.53E-05,,,,,
12/9/1995,0,3.42E-05,,,,,
12/10/1995,0,3.31E-05,,,,,
12/11/1995,0,3.21E-05,,,,,
12/12/1995,0,3.10E-05,,,,,
12/13/1995,0,2.99E-05,,,,,
12/14/1995,0,2.88E-05,,,,,
12/15/1995,0,2.78E-05,,,,,
12/16/1995,0,2.67E-05,,,,,
12/17/1995,0,2.57E-05,,,,,
12/18/1995,0,5.57E-05,,,,,
12/19/1995,0,0.000349055,,,,,
12/20/1995,0,0.000174707,,,,,
12/21/1995,0,0.000120652,,,,,
12/22/1995,0,9.47E-05,,,,,
12/23/1995,0,8.90E-05,,,,,
12/24/1995,0,8.35E-05,,,,,
12/25/1995,0,7.80E-05,,,,,
12/26/1995,0,7.25E-05,,,,,
12/27/1995,0,6.72E-05,,,,,
12/28/1995,0,6.19E-05,,,,,
12/29/1995,0,5.67E-05,,,,,
12/30/1995,0,5.15E-05,,,,,
12/31/1995,0,4.64E-05,,,,,
1/1/1996,0,4.21E-05,,,,,
1/2/1996,0,7.49E-05,,,,,
1/3/1996,0,8.48E-05,,,,,
1/4/1996,0,8.05E-05,,,,,
1/5/1996,0,7.62E-05,,,,,
1/6/1996,0,7.19E-05,,,,,
1/7/1996,0,6.77E-05,,,,,
1/8/1996,0,6.35E-05,,,,,
1/9/1996,0,5.94E-05,,,,,
1/10/1996,0,4.81E-05,,,,,
1/11/1996,0,4.22E-05,,,,,
1/12/1996,0,4.47E-05,,,,,
1/13/1996,0,4.73E-05,,,,,
1/14/1996,0,4.99E-05,,,,,
1/15/1996,0,5.25E-05,,,,,
1/16/1996,0.003564152,0.00020683,,,,,
1/17/1996,0.002940055,0.003510415,,,,,
1/18/1996,0.001106265,0.002932239,,,,,
1/19/1996,0.001244747,0.00192899,,,,,
1/20/1996,0.000506912,0.000802526,,,,,
1/21/1996,0.000417029,0.000439718,,,,,
1/22/1996,0.000333197,0.000372057,,,,,
1/23/1996,0.000753054,0.001426565,,,,,
1/24/1996,0.001148634,0.002255628,,,,,
1/25/1996,0.000756972,0.001082789,,,,,
1/26/1996,0.000607856,0.000846899,,,,,
1/27/1996,0.000495703,0.000855614,,,,,
1/28/1996,0.000492429,0.000673423,,,,,
1/29/1996,0.000439932,0.000516129,,,,,
1/30/1996,0.000288971,0.000384691,,,,,
1/31/1996,0.000184846,0.000306508,,,,,
2/1/1996,9.91E-05,0.000258929,,,,,
2/2/1996,2.62E-05,0.000225252,,,,,
2/3/1996,0,0.000217156,,,,,
2/4/1996,0,0.000210707,,,,,
2/5/1996,0,0.000194001,,,,,
2/6/1996,5.98E-06,0.000146463,,,,,
2/7/1996,6.54E-05,0.000152176,,,,,
2/8/1996,3.30E-05,0.000152893,,,,,
2/9/1996,1.03E-06,0.000152893,,,,,
2/10/1996,1.08E-05,0.000174779,,,,,
2/11/1996,0,0.000186111,,,,,
2/12/1996,0,0.000179172,,,,,
2/13/1996,1.57E-05,0.000178639,,,,,
2/14/1996,0,0.000182838,,,,,
2/15/1996,0,0.000162025,,,,,
2/16/1996,0,0.000133995,,,,,
2/17/1996,0,0.000133714,,,,,
2/18/1996,0,0.000133714,,,,,
2/19/1996,0,0.000133714,,,,,
2/20/1996,0,0.000133714,,,,,
2/21/1996,0,0.000133714,,,,,
2/22/1996,0,0.000122575,,,,,
2/23/1996,0,0.000131037,,,,,
2/24/1996,0,0.000136755,,,,,
2/25/1996,0,0.00013957,,,,,
2/26/1996,2.15E-05,0.000903374,,,,,
2/27/1996,0.001398488,0.003623785,,,,,
2/28/1996,0.001266293,0.001661808,,,,,
2/29/1996,0.000941436,0.001045234,,,,,
3/1/1996,0.000654659,0.00082507,,,,,
3/2/1996,0.000416274,0.00059609,,,,,
3/3/1996,0.000351324,0.000453866,,,,,
3/4/1996,0.000333101,0.00047113,,,,,
3/5/1996,0.001387475,0.002562279,,,,,
3/6/1996,0.00169608,0.002065259,,,,,
3/7/1996,0.001167573,0.001221867,,,,,
3/8/1996,0.000769073,0.000794461,,,,,
3/9/1996,0.000451855,0.000586505,,,,,
3/10/1996,0.000379868,0.000526131,,,,,
3/11/1996,0.000349263,0.000486992,,,,,
3/12/1996,0.000319526,0.000460284,,,,,
3/13/1996,0.000290515,0.000435732,,,,,
3/14/1996,0.000262281,0.000411664,,,,,
3/15/1996,0.000234828,0.000388132,,,,,
3/16/1996,0.000208161,0.00037198,,,,,
3/17/1996,0.000182282,0.000360779,,,,,
3/18/1996,0.000157195,0.000349696,,,,,
3/19/1996,0.000101665,0.000338731,,,,,
3/20/1996,1.15E-05,0.000327883,,,,,
3/21/1996,0,0.000321337,,,,,
3/22/1996,2.03E-05,0.000346744,,,,,
3/23/1996,0.000418963,0.000925772,,,,,
3/24/1996,0.000722915,0.002760499,,,,,
3/25/1996,0.000759807,0.003491294,,,,,
3/26/1996,0.000587942,0.001468973,,,,,
3/27/1996,0.000518056,0.000973442,,,,,
3/28/1996,0.000510453,0.000796976,,,,,
3/29/1996,0.000428078,0.000654967,,,,,
3/30/1996,0.000350312,0.000595483,,,,,
3/31/1996,0.002747531,0.004211734,,,,,
4/1/1996,0.003461732,0.003214204,,,,,
4/2/1996,0.002331039,0.001910503,,,,,
4/3/1996,0.001722965,0.001377338,,,,,
4/4/1996,0.001312172,0.000888044,,,,,
4/5/1996,0.001059486,0.000685101,,,,,
4/6/1996,0.000828322,0.000636952,,,,,
4/7/1996,0.00063621,0.000531499,,,,,
4/8/1996,0.00054777,0.000491133,,,,,
4/9/1996,0.000474349,0.000499051,,,,,
4/10/1996,0.000404463,0.000507016,,,,,
4/11/1996,0.000337921,0.000504445,,,,,
4/12/1996,0.00027543,0.000456567,,,,,
4/13/1996,0.000216351,0.00040524,,,,,
4/14/1996,0.000153625,0.00040326,,,,,
4/15/1996,0.000171054,0.000412207,,,,,
4/16/1996,0.000196838,0.000356271,,,,,
4/17/1996,0.000223428,0.000355589,,,,,
4/18/1996,0.000230881,0.000373363,,,,,
4/19/1996,8.43E-05,0.000377614,,,,,
4/20/1996,0,0.000359276,,,,,
4/21/1996,2.32E-05,0.000312234,,,,,
4/22/1996,0.003128781,0.003393453,,,,,
4/23/1996,0.004118272,0.003679669,,,,,
4/24/1996,0.002666338,0.002259567,,,,,
4/25/1996,0.001919641,0.001692439,,,,,
4/26/1996,0.001267189,0.000970687,,,,,
4/27/1996,0.000891664,0.000744803,,,,,
4/28/1996,0.002584775,0.001679174,,,,,
4/29/1996,0.01302812,0.006867286,,,,,
4/30/1996,0.00491779,0.003055689,,,,,
5/1/1996,0.0031347,0.001957982,,,,,
5/2/1996,0.002447495,0.001711758,,,,,
5/3/1996,0.001930498,0.005803749,,,,,
5/4/1996,0.005505281,0.00638955,,,,,
5/5/1996,0.003892046,0.003832544,,,,,
5/6/1996,0.003279936,0.002680045,,,,,
5/7/1996,0.002659075,0.002094622,,,,,
5/8/1996,0.012287344,0.005924322,,,,,
5/9/1996,0.008137238,0.004577778,,,,,
5/10/1996,0.007683731,0.006795137,,,,,
5/11/1996,0.00848455,0.00465929,,,,,
5/12/1996,0.00408606,0.002358885,,,,,
5/13/1996,0.002793108,0.001655,,,,,
5/14/1996,0.002268547,0.001339018,,,,,
5/15/1996,0.002032274,0.001395297,,,,,
5/16/1996,0.002010012,0.001341877,,,,,
5/17/1996,0.001828195,0.001246364,,,,,
5/18/1996,0.001636721,0.001077353,,,,,
5/19/1996,0.001403023,0.000916367,,,,,
5/20/1996,0.001278967,0.000759099,,,,,
5/21/1996,0.001064091,0.000660911,,,,,
5/22/1996,0.000832419,0.000599156,,,,,
5/23/1996,0.000709981,0.00053973,,,,,
5/24/1996,0.002511487,0.000828732,,,,,
5/25/1996,0.002523751,0.00102792,,,,,
5/26/1996,0.009226857,0.005864883,,,,,
5/27/1996,0.011786696,0.005936325,,,,,
5/28/1996,0.008846076,0.005037045,,,,,
5/29/1996,0.005408759,0.003747017,,,,,
5/30/1996,0.003094365,0.002228042,,,,,
5/31/1996,0.002328534,0.00173196,,,,,
6/1/1996,0.001797302,0.00144748,,,,,
6/2/1996,0.001497131,0.00115412,,,,,
6/3/1996,0.001254797,0.000935965,,,,,
6/4/1996,0.001094393,0.000954914,,,,,
6/5/1996,0.000945151,0.000990507,,,,,
6/6/1996,0.00084498,0.001044886,,,,,
6/7/1996,0.000774919,0.000983171,,,,,
6/8/1996,0.000683131,0.000892651,,,,,
6/9/1996,0.000595557,0.0008057,,,,,
6/10/1996,0.00055736,0.000838114,,,,,
6/11/1996,0.00072596,0.001227303,,,,,
6/12/1996,0.000756256,0.001107,,,,,
6/13/1996,0.000786453,0.00095208,,,,,
6/14/1996,0.000768007,0.000714175,,,,,
6/15/1996,0.000711538,0.000562586,,,,,
6/16/1996,0.000656641,0.000495511,,,,,
6/17/1996,0.000665605,0.000976951,,,,,
6/18/1996,0.004787605,0.002500677,,,,,
6/19/1996,0.002422515,0.00127245,,,,,
6/20/1996,0.001502991,0.001006205,,,,,
6/21/1996,0.000912515,0.000758972,,,,,
6/22/1996,0.000811248,0.000588576,,,,,
6/23/1996,0.000732061,0.000497563,,,,,
6/24/1996,0.000654242,0.000420873,,,,,
6/25/1996,0.000572286,0.000388891,,,,,
6/26/1996,0.000492817,0.000378757,,,,,
6/27/1996,0.000417368,0.000378757,,,,,
6/28/1996,0.00034598,0.000378757,,,,,
6/29/1996,0.000278691,0.000378757,,,,,
6/30/1996,0.000215546,0.000378757,,,,,
7/1/1996,0.000156589,0.000375848,,,,,
7/2/1996,0.000101866,0.000358621,,,,,
7/3/1996,5.14E-05,0.00033973,,,,,
7/4/1996,1.36E-05,0.000321187,,,,,
7/5/1996,0,0.000286439,,,,,
7/6/1996,0,0.000275318,,,,,
7/7/1996,0,0.000265755,,,,,
7/8/1996,0,0.000248399,,,,,
7/9/1996,0,0.000249989,,,,,
7/10/1996,0,0.000251583,,,,,
7/11/1996,0,0.00025318,,,,,
7/12/1996,0,0.000254779,,,,,
7/13/1996,0,0.000256382,,,,,
7/14/1996,6.68E-06,0.000229531,,,,,
7/15/1996,0,0.000147642,,,,,
7/16/1996,0,0.000177965,,,,,
7/17/1996,0,0.000220464,,,,,
7/18/1996,0,0.00026552,,,,,
7/19/1996,0,0.000313108,,,,,
7/20/1996,0,0.000363203,,,,,
7/21/1996,0.000655236,0.000835732,,,,,
7/22/1996,0.00106583,0.000466096,,,,,
7/23/1996,0.000535983,0.000560276,,,,,
7/24/1996,0.000140809,0.000842406,,,,,
7/25/1996,0,0.000598862,,,,,
7/26/1996,0,0.000427142,,,,,
7/27/1996,0,0.000282099,,,,,
7/28/1996,2.36E-05,0.000386154,,,,,
7/29/1996,0.002905806,0.000338678,,,,,
7/30/1996,0.001945076,0.000212164,,,,,
7/31/1996,0.001827153,0.000210224,,,,,
8/1/1996,0.00140923,0.00020829,,,,,
8/2/1996,0.000326463,0.000206361,,,,,
8/3/1996,0,0.000201296,,,,,
8/4/1996,0,0.000143225,,,,,
8/5/1996,0,0.000143225,,,,,
8/6/1996,0,0.000143225,,,,,
8/7/1996,0,0.000143225,,,,,
8/8/1996,0,0.000143225,,,,,
8/9/1996,0,0.000143225,,,,,
8/10/1996,0,0.000143225,,,,,
8/11/1996,0,0.000143225,,,,,
8/12/1996,0,0.000143225,,,,,
8/13/1996,0,0.000130211,,,,,
8/14/1996,0,8.27E-05,,,,,
8/15/1996,0,4.88E-05,,,,,
8/16/1996,0,7.43E-05,,,,,
8/17/1996,0,0.000109341,,,,,
8/18/1996,0,0.000136184,,,,,
8/19/1996,0,5.73E-05,,,,,
8/20/1996,0,3.13E-05,,,,,
8/21/1996,0,1.68E-05,,,,,
8/22/1996,0,4.85E-06,,,,,
8/23/1996,0,0,,,,,
8/24/1996,0,0,,,,,
8/25/1996,0,0,,,,,
8/26/1996,0,0,,,,,
8/27/1996,0,0,,,,,
8/28/1996,0,0,,,,,
8/29/1996,0,0,,,,,
8/30/1996,0,0,,,,,
8/31/1996,0,0,,,,,
9/1/1996,0,0,,,,,
9/2/1996,0,0,,,,,
9/3/1996,0,0,,,,,
9/4/1996,0,0,,,,,
9/5/1996,0,0,,,,,
9/6/1996,0,0,,,,,
9/7/1996,0,0,,,,,
9/8/1996,0,0,,,,,
9/9/1996,0,0,,,,,
9/10/1996,0,0,,,,,
9/11/1996,0,0,,,,,
9/12/1996,0,0,,,,,
9/13/1996,0,0,,,,,
9/14/1996,0,0,,,,,
9/15/1996,0,0,,,,,
9/16/1996,0,0,,,,,
9/17/1996,0,0,,,,,
9/18/1996,0,0,,,,,
9/19/1996,0,0,,,,,
9/20/1996,0,0,,,,,
9/21/1996,0,0,,,,,
9/22/1996,0,0,,,,,
9/23/1996,0,0,,,,,
9/24/1996,0,0,,,,,
9/25/1996,0,0,,,,,
9/26/1996,0,0,,,,,
9/27/1996,0,0,,,,,
9/28/1996,0,0,,,,,
9/29/1996,0,0,,,,,
9/30/1996,0,0,,,,,
10/1/1996,0,0,,,,,
10/2/1996,0,0,,,,,
10/3/1996,0,0,,,,,
10/4/1996,0,0,,,,,
10/5/1996,0,0,,,,,
10/6/1996,0,0,,,,,
10/7/1996,0,0,,,,,
10/8/1996,0,0,,,,,
10/9/1996,0,0,,,,,
10/10/1996,0,0,,,,,
10/11/1996,0,0,,,,,
10/12/1996,0,0,,,,,
10/13/1996,0,0,,,,,
10/14/1996,0,1.15E-06,,,,,
10/15/1996,0,1.53E-05,,,,,
10/16/1996,0,4.24E-05,,,,,
10/17/1996,0,7.39E-05,,,,,
10/18/1996,0,1.80E-05,,,,,
10/19/1996,0,0,,,,,
10/20/1996,0,1.69E-06,,,,,
10/21/1996,0,6.14E-06,,,,,
10/22/1996,0,1.17E-05,,,,,
10/23/1996,0,1.74E-05,,,,,
10/24/1996,0,2.32E-05,,,,,
10/25/1996,0,2.91E-05,,,,,
10/26/1996,0,3.51E-05,,,,,
10/27/1996,0,4.12E-05,,,,,
10/28/1996,0,4.74E-05,,,,,
10/29/1996,0,5.37E-05,,,,,
10/30/1996,0,6.01E-05,,,,,
10/31/1996,0,6.66E-05,,,,,
11/1/1996,0,7.33E-05,,,,,
11/2/1996,0,8.00E-05,,,,,
11/3/1996,0,8.68E-05,,,,,
11/4/1996,0,9.37E-05,,,,,
11/5/1996,0,0.000100777,,,,,
11/6/1996,0,0.000107911,,,,,
11/7/1996,0,0.000103035,,,,,
11/8/1996,0,4.02E-05,,,,,
11/9/1996,0,2.88E-05,,,,,
11/10/1996,0,2.58E-05,,,,,
11/11/1996,0,2.28E-05,,,,,
11/12/1996,0,1.98E-05,,,,,
11/13/1996,0,1.69E-05,,,,,
11/14/1996,0,1.39E-05,,,,,
11/15/1996,0,1.14E-05,,,,,
11/16/1996,0,1.94E-05,,,,,
11/17/1996,0,3.23E-05,,,,,
11/18/1996,0,4.57E-05,,,,,
11/19/1996,0,5.96E-05,,,,,
11/20/1996,0,7.40E-05,,,,,
11/21/1996,0,8.89E-05,,,,,
11/22/1996,0,0.000104215,,,,,
11/23/1996,0,0.000120066,,,,,
11/24/1996,0,0.000136404,,,,,
11/25/1996,0,0.00046294,,,,,
11/26/1996,0,0.00068982,,,,,
11/27/1996,0,0.000509337,,,,,
11/28/1996,0,0.000349912,,,,,
11/29/1996,0,0.000212096,,,,,
11/30/1996,0,0.000299622,,,,,
12/1/1996,0,0.000495793,,,,,
12/2/1996,0,0.000245141,,,,,
12/3/1996,0,0.000170551,,,,,
12/4/1996,0,0.000168007,,,,,
12/5/1996,0,0.000165473,,,,,
12/6/1996,0,0.00016295,,,,,
12/7/1996,0,0.000160437,,,,,
12/8/1996,0,0.000157933,,,,,
12/9/1996,0,0.00015544,,,,,
12/10/1996,0,0.00021468,,,,,
12/11/1996,0,0.000283238,,,,,
12/12/1996,0,0.000183802,,,,,
12/13/1996,0,0.000101773,,,,,
12/14/1996,0,0.00011653,,,,,
12/15/1996,0,0.000144204,,,,,
12/16/1996,0,0.000173252,,,,,
12/17/1996,0,0.000203552,,,,,
12/18/1996,0,0.000235194,,,,,
12/19/1996,0,0.000268049,,,,,
12/20/1996,5.12E-06,0.00030222,,,,,
12/21/1996,3.70E-05,0.000337698,,,,,
12/22/1996,9.32E-05,0.000374474,,,,,
12/23/1996,0.001534366,0.001791373,,,,,
12/24/1996,0.002724792,0.001801827,,,,,
12/25/1996,0.002679113,0.001193501,,,,,
12/26/1996,0.002679217,0.000736924,,,,,
12/27/1996,0.00267932,0.000459214,,,,,
12/28/1996,0.002679424,0.000372712,,,,,
12/29/1996,0.002679528,0.000306688,,,,,
12/30/1996,0.002630982,0.000255708,,,,,
12/31/1996,0.002263081,0.000266311,,,,,
1/1/1997,0.00186177,0.000286083,,,,,
1/2/1997,0.001494019,0.000306302,,,,,
1/3/1997,0.00116006,0.000326967,,,,,
1/4/1997,0.000860354,0.000401565,,,,,
1/5/1997,0.000595571,0.000560429,,,,,
1/6/1997,0.000366578,0.00042624,,,,,
1/7/1997,0.000180039,0.000321754,,,,,
1/8/1997,7.96E-05,0.000295939,,,,,
1/9/1997,1.89E-05,0.000275937,,,,,
1/10/1997,0,0.000256384,,,,,
1/11/1997,0,0.000237282,,,,,
1/12/1997,0,0.000218633,,,,,
1/13/1997,0,0.000200439,,,,,
1/14/1997,0,0.000184945,,,,,
1/15/1997,0,0.000182838,,,,,
1/16/1997,0,0.000182838,,,,,
1/17/1997,0,0.000182838,,,,,
1/18/1997,0,0.000182838,,,,,
1/19/1997,0,0.000182838,,,,,
1/20/1997,0,0.000182838,,,,,
1/21/1997,0.00019842,0.00032555,,,,,
1/22/1997,0.004159097,0.002163571,,,,,
1/23/1997,0.002074482,0.00173208,,,,,
1/24/1997,0.001426956,0.001209396,,,,,
1/25/1997,0.001235788,0.0010026,,,,,
1/26/1997,0.001092017,0.000862259,,,,,
1/27/1997,0.00095528,0.000730564,,,,,
1/28/1997,0.000825638,0.000607597,,,,,
1/29/1997,0.000703161,0.000538175,,,,,
1/30/1997,0.000587926,0.000526771,,,,,
1/31/1997,0.00048002,0.000652251,,,,,
2/1/1997,0.000418155,0.000793062,,,,,
2/2/1997,0.001200859,0.000850472,,,,,
2/3/1997,0.001678505,0.000944527,,,,,
2/4/1997,0.004843476,0.001910803,,,,,
2/5/1997,0.002388449,0.001161647,,,,,
2/6/1997,0.001702767,0.000763507,,,,,
2/7/1997,0.001347933,0.000644139,,,,,
2/8/1997,0.001050862,0.000564984,,,,,
2/9/1997,0.00083465,0.000493892,,,,,
2/10/1997,0.000810544,0.000457394,,,,,
2/11/1997,0.000794798,0.000427999,,,,,
2/12/1997,0.000742162,0.000399305,,,,,
2/13/1997,0.000684031,0.000371316,,,,,
2/14/1997,0.000627616,0.000344034,,,,,
2/15/1997,0.000572928,0.000317463,,,,,
2/16/1997,0.000519976,0.00029166,,,,,
2/17/1997,0.00046877,0.000276617,,,,,
2/18/1997,0.000432294,0.00031405,,,,,
2/19/1997,0.000475381,0.000595057,,,,,
2/20/1997,0.000940836,0.001570944,,,,,
2/21/1997,0.005276112,0.002396727,,,,,
2/22/1997,0.00427745,0.001805734,,,,,
2/23/1997,0.002763168,0.001315918,,,,,
2/24/1997,0.002227559,0.001071897,,,,,
2/25/1997,0.001860494,0.000982685,,,,,
2/26/1997,0.007423939,0.004250068,,,,,
2/27/1997,0.014987599,0.002773059,,,,,
2/28/1997,0.00535926,0.001797279,,,,,
3/1/1997,0.003404998,0.001530851,,,,,
3/2/1997,0.002685722,0.00129333,,,,,
3/3/1997,0.002203706,0.001042683,,,,,
3/4/1997,0.001857777,0.000831596,,,,,
3/5/1997,0.001744771,0.000788571,,,,,
3/6/1997,0.00153299,0.000773218,,,,,
3/7/1997,0.00133258,0.000763671,,,,,
3/8/1997,0.001287087,0.000754171,,,,,
3/9/1997,0.002321938,0.001587102,,,,,
3/10/1997,0.002707194,0.0018172,,,,,
3/11/1997,0.002192686,0.001279396,,,,,
3/12/1997,0.00176413,0.001148716,,,,,
3/13/1997,0.002698368,0.002232813,,,,,
3/14/1997,0.00787495,0.002475283,,,,,
3/15/1997,0.003569698,0.001585489,,,,,
3/16/1997,0.002679132,0.001175338,,,,,
3/17/1997,0.002119953,0.001044392,,,,,
3/18/1997,0.001735554,0.000975449,,,,,
3/19/1997,0.001402087,0.00091151,,,,,
3/20/1997,0.001230788,0.00084934,,,,,
3/21/1997,0.001092229,0.000775363,,,,,
3/22/1997,0.000960212,0.000684316,,,,,
3/23/1997,0.000834794,0.000597473,,,,,
3/24/1997,0.000716035,0.000515182,,,,,
3/25/1997,0.000600499,0.000437488,,,,,
3/26/1997,0.000369797,0.000364021,,,,,
3/27/1997,0,0.000340988,,,,,
3/28/1997,0,0.000805546,,,,,
3/29/1997,0,0.001845455,,,,,
3/30/1997,0,0.001236673,,,,,
3/31/1997,0,0.00102152,,,,,
4/1/1997,0,0.000825368,,,,,
4/2/1997,0,0.000652406,,,,,
4/3/1997,0,0.000640868,,,,,
4/4/1997,0,0.000692475,,,,,
4/5/1997,0,0.000666227,,,,,
4/6/1997,0,0.000563194,,,,,
4/7/1997,0,0.000527515,,,,,
4/8/1997,0,0.000441384,,,,,
4/9/1997,0,0.000413141,,,,,
4/10/1997,0,0.000396077,,,,,
4/11/1997,0,0.000379267,,,,,
4/12/1997,0,0.000362709,,,,,
4/13/1997,0,0.000346407,,,,,
4/14/1997,0,0.00033036,,,,,
4/15/1997,1.45E-06,0.000314946,,,,,
4/16/1997,0,0.00030125,,,,,
4/17/1997,0,0.000287876,,,,,
4/18/1997,0,0.000274699,,,,,
4/19/1997,0,0.000261719,,,,,
4/20/1997,0,0.000248937,,,,,
4/21/1997,0,0.000236352,,,,,
4/22/1997,0,0.000225204,,,,,
4/23/1997,0,0.000219696,,,,,
4/24/1997,0,0.00021487,,,,,
4/25/1997,0,0.000210076,,,,,
4/26/1997,0,0.000205266,,,,,
4/27/1997,0,0.000197513,,,,,
4/28/1997,0,0.000188051,,,,,
4/29/1997,0,0.000178719,,,,,
4/30/1997,0,0.000169517,,,,,
5/1/1997,0,0.000160445,,,,,
5/2/1997,0,0.000151504,,,,,
5/3/1997,0,0.000144065,,,,,
5/4/1997,0,0.000143225,,,,,
5/5/1997,0,0.000143225,,,,,
5/6/1997,0,0.000111565,,,,,
5/7/1997,0,8.74E-05,,,,,
5/8/1997,0,8.63E-05,,,,,
5/9/1997,0,8.52E-05,,,,,
5/10/1997,0,8.41E-05,,,,,
5/11/1997,0,8.31E-05,,,,,
5/12/1997,0,8.20E-05,,,,,
5/13/1997,0,8.09E-05,,,,,
5/14/1997,0,7.89E-05,,,,,
5/15/1997,0,7.37E-05,,,,,
5/16/1997,0,6.82E-05,,,,,
5/17/1997,0,6.28E-05,,,,,
5/18/1997,0,5.75E-05,,,,,
5/19/1997,0,5.22E-05,,,,,
5/20/1997,0,6.16E-05,,,,,
5/21/1997,0,7.16E-05,,,,,
5/22/1997,0,7.16E-05,,,,,
5/23/1997,0,7.16E-05,,,,,
5/24/1997,0,7.16E-05,,,,,
5/25/1997,0.002432178,0.000423941,,,,,
5/26/1997,0.0069628,0.001188078,,,,,
5/27/1997,0.006443807,0.001130872,,,,,
5/28/1997,0.003923937,0.000607491,,,,,
5/29/1997,0.003252104,0.000933703,,,,,
5/30/1997,0.003578272,0.000825813,,,,,
5/31/1997,0.003504697,0.001260895,,,,,
6/1/1997,0.00350358,0.000968857,,,,,
6/2/1997,0.003394548,0.000964689,,,,,
6/3/1997,0.002676442,0.000879255,,,,,
6/4/1997,0.002288906,0.00065703,,,,,
6/5/1997,0.001942017,0.000481577,,,,,
6/6/1997,0.00164296,0.000425253,,,,,
6/7/1997,0.001392014,0.000383267,,,,,
6/8/1997,0.001158172,0.000288464,,,,,
6/9/1997,0.001062149,0.000207658,,,,,
6/10/1997,0.001043728,0.000209373,,,,,
6/11/1997,0.000982859,0.000214721,,,,,
6/12/1997,0.000923403,0.000220107,,,,,
6/13/1997,0.000863767,0.000220031,,,,,
6/14/1997,0.000798392,0.000179008,,,,,
6/15/1997,0.000733817,0.000158511,,,,,
6/16/1997,0.000669443,0.000147118,,,,,
6/17/1997,0.000597531,0.000135941,,,,,
6/18/1997,0.000526687,0.000124979,,,,,
6/19/1997,0.00045891,0.000116066,,,,,
6/20/1997,0.000394225,0.000115168,,,,,
6/21/1997,0.000332658,0.000115168,,,,,
6/22/1997,0.00020715,0.000115168,,,,,
6/23/1997,0.000181468,0.000115483,,,,,
6/24/1997,0.000265084,0.000116453,,,,,
6/25/1997,0.000202335,0.000117444,,,,,
6/26/1997,1.41E-06,0.000118436,,,,,
6/27/1997,0,0.000119431,,,,,
6/28/1997,0,0.000120427,,,,,
6/29/1997,0,0.000121426,,,,,
6/30/1997,0,0.000122426,,,,,
7/1/1997,0,0.000123428,,,,,
7/2/1997,0,0.000124269,,,,,
7/3/1997,0,0.000124362,,,,,
7/4/1997,0,0.000124362,,,,,
7/5/1997,0,0.000124362,,,,,
7/6/1997,0,0.000163482,,,,,
7/7/1997,0,0.000269454,,,,,
7/8/1997,0,0.000140699,,,,,
7/9/1997,0,0.000192789,,,,,
7/10/1997,0,8.01E-05,,,,,
7/11/1997,0,3.68E-05,,,,,
7/12/1997,0,2.11E-05,,,,,
7/13/1997,0,3.17E-05,,,,,
7/14/1997,0,4.39E-05,,,,,
7/15/1997,0,5.40E-05,,,,,
7/16/1997,0,5.39E-05,,,,,
7/17/1997,0,5.26E-05,,,,,
7/18/1997,0,5.14E-05,,,,,
7/19/1997,0,5.01E-05,,,,,
7/20/1997,0,4.88E-05,,,,,
7/21/1997,0,0.000107093,,,,,
7/22/1997,0,0.000123036,,,,,
7/23/1997,0,6.06E-05,,,,,
7/24/1997,0,3.60E-05,,,,,
7/25/1997,0,1.31E-05,,,,,
7/26/1997,0,5.77E-07,,,,,
7/27/1997,0,0,,,,,
7/28/1997,0,0,,,,,
7/29/1997,0,0,,,,,
7/30/1997,0,0,,,,,
7/31/1997,0,0,,,,,
8/1/1997,0,0,,,,,
8/2/1997,0,0,,,,,
8/3/1997,0,0,,,,,
8/4/1997,0,0,,,,,
8/5/1997,0,0,,,,,
8/6/1997,0,0,,,,,
8/7/1997,0,0,,,,,
8/8/1997,0,0,,,,,
8/9/1997,0,0,,,,,
8/10/1997,0,0,,,,,
8/11/1997,0,0,,,,,
8/12/1997,0,0,,,,,
8/13/1997,0,0,,,,,
8/14/1997,0,0,,,,,
8/15/1997,0,0,,,,,
8/16/1997,0,0,,,,,
8/17/1997,0,1.47E-05,,,,,
8/18/1997,0,0,,,,,
8/19/1997,0,0,,,,,
8/20/1997,0,0,,,,,
8/21/1997,0,0,,,,,
8/22/1997,0,0,,,,,
8/23/1997,0,0,,,,,
8/24/1997,0,8.43E-05,,,,,
8/25/1997,0,2.14E-05,,,,,
8/26/1997,0,0,,,,,
8/27/1997,0,0,,,,,
8/28/1997,0,0,,,,,
8/29/1997,0,2.14E-05,,,,,
8/30/1997,0,0,,,,,
8/31/1997,0,0,,,,,
9/1/1997,0,0,,,,,
9/2/1997,0,0,,,,,
9/3/1997,0,0,,,,,
9/4/1997,0,0,,,,,
9/5/1997,0,0,,,,,
9/6/1997,0,0,,,,,
9/7/1997,0,0,,,,,
9/8/1997,0,0,,,,,
9/9/1997,0,1.19E-05,,,,,
9/10/1997,0,3.29E-06,,,,,
9/11/1997,0,0,,,,,
9/12/1997,0,0,,,,,
9/13/1997,0,0,,,,,
9/14/1997,0,0,,,,,
9/15/1997,0,0,,,,,
9/16/1997,0,0,,,,,
9/17/1997,0,0,,,,,
9/18/1997,0,0,,,,,
9/19/1997,0,0,,,,,
9/20/1997,0,0,,,,,
9/21/1997,0,0,,,,,
9/22/1997,0,0,,,,,
9/23/1997,0,0,,,,,
9/24/1997,0,0,,,,,
9/25/1997,0,0,,,,,
9/26/1997,0,0,,,,,
9/27/1997,0,0,,,,,
9/28/1997,0,0,,,,,
9/29/1997,0,0,,,,,
9/30/1997,0,0,,,,,
10/1/1997,0,0,,,,,
10/2/1997,0,0,,,,,
10/3/1997,0,0,,,,,
10/4/1997,0,0,,,,,
10/5/1997,0,0,,,,,
10/6/1997,0,0,,,,,
10/7/1997,0,0,,,,,
10/8/1997,0,0,,,,,
10/9/1997,0,0,,,,,
10/10/1997,0,0,,,,,
10/11/1997,0,0,,,,,
10/12/1997,0,0,,,,,
10/13/1997,0,0,,,,,
10/14/1997,0,0,,,,,
10/15/1997,0,0,,,,,
10/16/1997,0,0,,,,,
10/17/1997,0,0,,,,,
10/18/1997,0,0,,,,,
10/19/1997,0,0,,,,,
10/20/1997,0,0,,,,,
10/21/1997,0,0,,,,,
10/22/1997,0,0,,,,,
10/23/1997,0,0,,,,,
10/24/1997,0,0,,,,,
10/25/1997,0,0,,,,,
10/26/1997,0,0,,,,,
10/27/1997,0,0,,,,,
10/28/1997,0,0,,,,,
10/29/1997,0,0,,,,,
10/30/1997,0,0,,,,,
10/31/1997,0,0,,,,,
11/1/1997,0,0,,,,,
11/2/1997,0,0,,,,,
11/3/1997,0,0,,,,,
11/4/1997,0,0,,,,,
11/5/1997,0,0,,,,,
11/6/1997,0,0,,,,,
11/7/1997,0,0,,,,,
11/8/1997,0,0,,,,,
11/9/1997,0,0,,,,,
11/10/1997,0,0,,,,,
11/11/1997,0,0,,,,,
11/12/1997,0,0,,,,,
11/13/1997,0,0,,,,,
11/14/1997,0,0,,,,,
11/15/1997,0,0,,,,,
11/16/1997,0,0,,,,,
11/17/1997,0,0,,,,,
11/18/1997,0,0,,,,,
11/19/1997,0,0,,,,,
11/20/1997,0,0,,,,,
11/21/1997,0,0,,,,,
11/22/1997,0,0,,,,,
11/23/1997,0,0,,,,,
11/24/1997,0,0,,,,,
11/25/1997,0,0,,,,,
11/26/1997,0,0,,,,,
11/27/1997,0,4.02E-06,,,,,
11/28/1997,0,0.000202192,,,,,
11/29/1997,0,0.000270731,,,,,
11/30/1997,0,0.000675256,,,,,
12/1/1997,0,0.000284976,,,,,
12/2/1997,0,0.000159978,,,,,
12/3/1997,0,0.000110181,,,,,
12/4/1997,0,8.83E-05,,,,,
12/5/1997,0,6.93E-05,,,,,
12/6/1997,0,5.23E-05,,,,,
12/7/1997,0,3.62E-05,,,,,
12/8/1997,0,2.70E-05,,,,,
12/9/1997,0,2.12E-05,,,,,
12/10/1997,0,0.000289716,,,,,
12/11/1997,0,0.000184266,,,,,
12/12/1997,0,0.000150087,,,,,
12/13/1997,0,0.000111585,,,,,
12/14/1997,0,7.58E-05,,,,,
12/15/1997,0,5.32E-05,,,,,
12/16/1997,0,4.75E-05,,,,,
12/17/1997,0,4.20E-05,,,,,
12/18/1997,0,3.65E-05,,,,,
12/19/1997,0,3.12E-05,,,,,
12/20/1997,0,2.60E-05,,,,,
12/21/1997,0,2.08E-05,,,,,
12/22/1997,0,4.65E-05,,,,,
12/23/1997,0,5.53E-05,,,,,
12/24/1997,0,0.000814553,,,,,
12/25/1997,0,0.00048643,,,,,
12/26/1997,0,0.000239695,,,,,
12/27/1997,0,0.000156115,,,,,
12/28/1997,0,0.000143225,,,,,
12/29/1997,0,0.00013526,,,,,
12/30/1997,0,9.55E-05,,,,,
12/31/1997,0,6.73E-05,,,,,
1/1/1998,0,5.53E-05,,,,,
1/2/1998,0,5.53E-05,,,,,
1/3/1998,0,5.53E-05,,,,,
1/4/1998,0,5.53E-05,,,,,
1/5/1998,0.000245631,0.000991488,,,,,
1/6/1998,8.52E-05,0.001527161,,,,,
1/7/1998,0.000232251,0.001748442,,,,,
1/8/1998,0.00165533,0.002718992,,,,,
1/9/1998,0.000473041,0.001921402,,,,,
1/10/1998,0,0.001395119,,,,,
1/11/1998,0,0.00098039,,,,,
1/12/1998,0,0.00074754,,,,,
1/13/1998,0,0.000576445,,,,,
1/14/1998,0,0.000514705,,,,,
1/15/1998,0,0.00049493,,,,,
1/16/1998,0,0.000475441,,,,,
1/17/1998,0,0.000425736,,,,,
1/18/1998,0,0.00036528,,,,,
1/19/1998,0,0.000358832,,,,,
1/20/1998,0,0.000351219,,,,,
1/21/1998,0,0.000343663,,,,,
1/22/1998,0,0.000336162,,,,,
1/23/1998,0,0.000326946,,,,,
1/24/1998,0,0.00030729,,,,,
1/25/1998,0,0.000298998,,,,,
1/26/1998,0,0.00031629,,,,,
1/27/1998,0,0.000334585,,,,,
1/28/1998,0,0.000356439,,,,,
1/29/1998,0,0.000399364,,,,,
1/30/1998,0,0.000415195,,,,,
1/31/1998,0,0.000410872,,,,,
2/1/1998,0,0.000406546,,,,,
2/2/1998,0,0.000396891,,,,,
2/3/1998,0,0.000383144,,,,,
2/4/1998,0,0.000369565,,,,,
2/5/1998,0,0.000356156,,,,,
2/6/1998,0,0.000342901,,,,,
2/7/1998,0,0.000329773,,,,,
2/8/1998,0,0.000316789,,,,,
2/9/1998,0,0.000304278,,,,,
2/10/1998,0,0.000293485,,,,,
2/11/1998,0,0.000283019,,,,,
2/12/1998,0,0.000272919,,,,,
2/13/1998,0,0.000271481,,,,,
2/14/1998,0,0.000274292,,,,,
2/15/1998,0,0.000277112,,,,,
2/16/1998,0,0.000280706,,,,,
2/17/1998,0,0.000562145,,,,,
2/18/1998,0,0.000862094,,,,,
2/19/1998,0,0.000908341,,,,,
2/20/1998,0,0.00094845,,,,,
2/21/1998,0,0.000953163,,,,,
2/22/1998,0,0.00091195,,,,,
2/23/1998,0,0.000826625,,,,,
2/24/1998,0,0.000742712,,,,,
2/25/1998,0,0.000660781,,,,,
2/26/1998,0,0.000623474,,,,,
2/27/1998,0,0.000551488,,,,,
2/28/1998,0,0.000483834,,,,,
3/1/1998,0,0.00045079,,,,,
3/2/1998,0,0.000418675,,,,,
3/3/1998,0,0.000414416,,,,,
3/4/1998,0,0.000431832,,,,,
3/5/1998,0,0.000449502,,,,,
3/6/1998,0,0.000467426,,,,,
3/7/1998,0,0.000485602,,,,,
3/8/1998,0,0.001041399,,,,,
3/9/1998,0,0.002449519,,,,,
3/10/1998,0,0.001840863,,,,,
3/11/1998,0,0.001352964,,,,,
3/12/1998,0,0.001089912,,,,,
3/13/1998,0,0.001052646,,,,,
3/14/1998,0,0.001018442,,,,,
3/15/1998,0,0.000982425,,,,,
3/16/1998,0,0.001027259,,,,,
3/17/1998,2.59E-06,0.002038423,,,,,
3/18/1998,6.46E-05,0.002582589,,,,,
3/19/1998,8.60E-05,0.002069026,,,,,
3/20/1998,8.60E-05,0.002304395,,,,,
3/21/1998,0.002805518,0.002506101,,,,,
3/22/1998,0.003861993,0.002105024,,,,,
3/23/1998,0.003100557,0.00174342,,,,,
3/24/1998,0.002713427,0.001521282,,,,,
3/25/1998,0.001977051,0.001486349,,,,,
3/26/1998,0.001227057,0.000915253,,,,,
3/27/1998,0.001227978,0.000909925,,,,,
3/28/1998,0.010793752,0.003366734,,,,,
3/29/1998,0.00444066,0.001818766,,,,,
3/30/1998,0.002656111,0.001554573,,,,,
3/31/1998,0.00229811,0.001560616,,,,,
4/1/1998,0.002661745,0.001785744,,,,,
4/2/1998,0.002053,0.001626339,,,,,
4/3/1998,0.00231648,0.001758928,,,,,
4/4/1998,0.002385628,0.001904514,,,,,
4/5/1998,0.001850428,0.0016268,,,,,
4/6/1998,0.001528319,0.001326446,,,,,
4/7/1998,0.002119219,0.00134723,,,,,
4/8/1998,0.002984766,0.001776433,,,,,
4/9/1998,0.001971653,0.001507198,,,,,
4/10/1998,0.001404995,0.001248768,,,,,
4/11/1998,0.001138263,0.001104412,,,,,
4/12/1998,0.001014036,0.000864838,,,,,
4/13/1998,0.001007459,0.000842573,,,,,
4/14/1998,0.000873738,0.00100886,,,,,
4/15/1998,0.000872105,0.0009286,,,,,
4/16/1998,0.000775504,0.000852923,,,,,
4/17/1998,0.000569097,0.000690688,,,,,
4/18/1998,0.00048263,0.000655997,,,,,
4/19/1998,0.00041805,0.000629775,,,,,
4/20/1998,0.000384117,0.000551486,,,,,
4/21/1998,0.000348148,0.000541318,,,,,
4/22/1998,0.00028674,0.00053329,,,,,
4/23/1998,0.000227426,0.000463457,,,,,
4/24/1998,0.000178458,0.000412425,,,,,
4/25/1998,0.000208609,0.000376251,,,,,
4/26/1998,0.000127838,0.000391647,,,,,
4/27/1998,6.41E-05,0.00034524,,,,,
4/28/1998,8.33E-05,0.0003168,,,,,
4/29/1998,0.00032905,0.001465235,,,,,
4/30/1998,0.001697004,0.002384379,,,,,
5/1/1998,0.001632864,0.00209083,,,,,
5/2/1998,0.001091752,0.001630761,,,,,
5/3/1998,0.009804518,0.002953141,,,,,
5/4/1998,0.006626768,0.002191786,,,,,
5/5/1998,0.00323557,0.001800969,,,,,
5/6/1998,0.002296759,0.001552375,,,,,
5/7/1998,0.002231746,0.001644868,,,,,
5/8/1998,0.002177083,0.001663667,,,,,
5/9/1998,0.001655192,0.001379022,,,,,
5/10/1998,0.001261101,0.001129842,,,,,
5/11/1998,0.001015208,0.000931964,,,,,
5/12/1998,0.000857007,0.000836822,,,,,
5/13/1998,0.000591629,0.000826912,,,,,
5/14/1998,0.00056936,0.000688255,,,,,
5/15/1998,0.000569305,0.000648247,,,,,
5/16/1998,0.00046945,0.000563622,,,,,
5/17/1998,0.000422453,0.000528098,,,,,
5/18/1998,0.000388886,0.000526286,,,,,
5/19/1998,0.005439797,0.002855285,,,,,
5/20/1998,0.006718556,0.002177606,,,,,
5/21/1998,0.00277633,0.00176448,,,,,
5/22/1998,0.002744876,0.001602811,,,,,
5/23/1998,0.006609375,0.002550107,,,,,
5/24/1998,0.004007293,0.002243233,,,,,
5/25/1998,0.002286771,0.001767125,,,,,
5/26/1998,0.001549898,0.001527015,,,,,
5/27/1998,0.001268181,0.001196365,,,,,
5/28/1998,0.000964533,0.001052107,,,,,
5/29/1998,0.001360876,0.001215159,,,,,
5/30/1998,0.00181982,0.001782674,,,,,
5/31/1998,0.00104721,0.001326257,,,,,
6/1/1998,0.000819021,0.001051808,,,,,
6/2/1998,0.000667207,0.000865722,,,,,
6/3/1998,0.000536625,0.000737017,,,,,
6/4/1998,0.000422983,0.000707549,,,,,
6/5/1998,0.000367361,0.000638581,,,,,
6/6/1998,0.000274444,0.000563072,,,,,
6/7/1998,0.000206299,0.000505743,,,,,
6/8/1998,0.000789877,0.000528483,,,,,
6/9/1998,0.001877752,0.001745313,,,,,
6/10/1998,0.000798179,0.001221345,,,,,
6/11/1998,0.00819255,0.001713951,,,,,
6/12/1998,0.009101622,0.002225192,,,,,
6/13/1998,0.00443551,0.00201579,,,,,
6/14/1998,0.002842831,0.002674172,,,,,
6/15/1998,0.007358197,0.003919568,,,,,
6/16/1998,0.006631011,0.002298876,,,,,
6/17/1998,0.003130687,0.002161297,,,,,
6/18/1998,0.003082915,0.00231801,,,,,
6/19/1998,0.005915108,0.002182743,,,,,
6/20/1998,0.00121726,0.001890121,,,,,
6/21/1998,0.001413392,0.001524761,,,,,
6/22/1998,0.001434543,0.001339565,,,,,
6/23/1998,0.00192198,0.001281001,,,,,
6/24/1998,0.001065151,0.001161131,,,,,
6/25/1998,0.000793676,0.001012568,,,,,
6/26/1998,0.000664416,0.000809631,,,,,
6/27/1998,0.000536343,0.00066067,,,,,
6/28/1998,0.000403804,0.000615832,,,,,
6/29/1998,0.00038284,0.000561402,,,,,
6/30/1998,0.000321771,0.000528763,,,,,
7/1/1998,0.000238611,0.000437842,,,,,
7/2/1998,0.000222794,0.000416458,,,,,
7/3/1998,0.000286931,0.000402839,,,,,
7/4/1998,0.000251925,0.000396809,,,,,
7/5/1998,0.000281038,0.000391614,,,,,
7/6/1998,0.008036601,0.002163564,,,,,
7/7/1998,0.007775218,0.002238881,,,,,
7/8/1998,0.003482031,0.00175562,,,,,
7/9/1998,0.001991531,0.001160583,,,,,
7/10/1998,0.001257262,0.000859528,,,,,
7/11/1998,0.00092514,0.000657094,,,,,
7/12/1998,0.000765565,0.000575751,,,,,
7/13/1998,0.000588293,0.000539535,,,,,
7/14/1998,0.000477004,0.000524701,,,,,
7/15/1998,0.000392533,0.000503379,,,,,
7/16/1998,0.000214289,0.000382439,,,,,
7/17/1998,0.000122666,0.000353427,,,,,
7/18/1998,9.38E-05,0.000350194,,,,,
7/19/1998,1.66E-05,0.000326018,,,,,
7/20/1998,0,0.00030088,,,,,
7/21/1998,0,0.000316178,,,,,
7/22/1998,2.97E-05,0.0005273,,,,,
7/23/1998,1.01E-05,0.000472028,,,,,
7/24/1998,0,0.000294273,,,,,
7/25/1998,0,0.000243844,,,,,
7/26/1998,0,0.000239916,,,,,
7/27/1998,0,0.000284052,,,,,
7/28/1998,0,0.000732539,,,,,
7/29/1998,0,0.00140751,,,,,
7/30/1998,0,0.001174072,,,,,
7/31/1998,0,0.000327918,,,,,
8/1/1998,0,0.000217466,,,,,
8/2/1998,0,0.000205968,,,,,
8/3/1998,0,0.000193044,,,,,
8/4/1998,0,0.000163493,,,,,
8/5/1998,0,0.000158203,,,,,
8/6/1998,0,0.000364065,,,,,
8/7/1998,0,0.000336812,,,,,
8/8/1998,0,0.000250939,,,,,
8/9/1998,0,0.00018401,,,,,
8/10/1998,0,0.000133963,,,,,
8/11/1998,0,0.000130624,,,,,
8/12/1998,0,0.000127926,,,,,
8/13/1998,0,0.000125343,,,,,
8/14/1998,0,0.000127232,,,,,
8/15/1998,0,0.000131524,,,,,
8/16/1998,0,0.000135849,,,,,
8/17/1998,0,0.000140207,,,,,
8/18/1998,0,0.000108818,,,,,
8/19/1998,0,5.42E-05,,,,,
8/20/1998,0,2.13E-05,,,,,
8/21/1998,0,2.57E-05,,,,,
8/22/1998,0,1.32E-05,,,,,
8/23/1998,0,1.67E-05,,,,,
8/24/1998,0,2.03E-05,,,,,
8/25/1998,0,2.34E-05,,,,,
8/26/1998,0,1.93E-05,,,,,
8/27/1998,0,1.27E-05,,,,,
8/28/1998,0,6.31E-06,,,,,
8/29/1998,0,1.57E-06,,,,,
8/30/1998,0,0,,,,,
8/31/1998,0,0,,,,,
9/1/1998,0,0,,,,,
9/2/1998,0,0,,,,,
9/3/1998,0,0,,,,,
9/4/1998,0,0,,,,,
9/5/1998,0,0,,,,,
9/6/1998,0,0,,,,,
9/7/1998,0,0,,,,,
9/8/1998,0,0,,,,,
9/9/1998,0,0,,,,,
9/10/1998,0,0,,,,,
9/11/1998,0,0,,,,,
9/12/1998,0,0,,,,,
9/13/1998,0,0,,,,,
9/14/1998,0,0,,,,,
9/15/1998,0,0,,,,,
9/16/1998,0,0,,,,,
9/17/1998,0,0,,,,,
9/18/1998,0,0,,,,,
9/19/1998,0,0,,,,,
9/20/1998,0,0.000234309,,,,,
9/21/1998,0,0.00019495,,,,,
9/22/1998,0,0.000139697,,,,,
9/23/1998,0,0.000136454,,,,,
9/24/1998,0,0.000130444,,,,,
9/25/1998,0,0.000115104,,,,,
9/26/1998,0,9.94E-05,,,,,
9/27/1998,0,8.62E-05,,,,,
9/28/1998,0,0.000121074,,,,,
9/29/1998,0,0.00012528,,,,,
9/30/1998,0,0.000127257,,,,,
10/1/1998,0,0.000129301,,,,,
10/2/1998,0,0.000131352,,,,,
10/3/1998,0,0.000135554,,,,,
10/4/1998,0,0.000165623,,,,,
10/5/1998,0,0.000281083,,,,,
10/6/1998,0,0.000689841,,,,,
10/7/1998,0,0.000976628,,,,,
10/8/1998,0,0.000374877,,,,,
10/9/1998,0,0.00027485,,,,,
10/10/1998,0,0.000226183,,,,,
10/11/1998,0,0.000165666,,,,,
10/12/1998,0,0.000170916,,,,,
10/13/1998,0,0.000176573,,,,,
10/14/1998,0,0.000181813,,,,,
10/15/1998,0,0.000182838,,,,,
10/16/1998,0,0.000182838,,,,,
10/17/1998,0,0.000182838,,,,,
10/18/1998,0,0.000182838,,,,,
10/19/1998,0,0.000182222,,,,,
10/20/1998,0,0.000178847,,,,,
10/21/1998,0,0.000175157,,,,,
10/22/1998,0,0.000140859,,,,,
10/23/1998,0,0.000118865,,,,,
10/24/1998,0,0.000123615,,,,,
10/25/1998,0,0.000128407,,,,,
10/26/1998,0,0.000132647,,,,,
10/27/1998,0,0.000131493,,,,,
10/28/1998,0,0.000129038,,,,,
10/29/1998,0,0.000126594,,,,,
10/30/1998,0,0.000121453,,,,,
10/31/1998,0,0.000112192,,,,,
11/1/1998,0,0.000135318,,,,,
11/2/1998,0,0.000198757,,,,,
11/3/1998,0,0.001279673,,,,,
11/4/1998,0,0.001236177,,,,,
11/5/1998,0,0.000710762,,,,,
11/6/1998,0,0.000454445,,,,,
11/7/1998,0,0.000361812,,,,,
11/8/1998,0,0.000373942,,,,,
11/9/1998,0,0.000643655,,,,,
11/10/1998,0,0.002141197,,,,,
11/11/1998,0,0.001471505,,,,,
11/12/1998,0,0.001021549,,,,,
11/13/1998,0,0.000752854,,,,,
11/14/1998,0,0.000569371,,,,,
11/15/1998,0,0.00043297,,,,,
11/16/1998,0,0.000379811,,,,,
11/17/1998,0,0.000299217,,,,,
11/18/1998,0,0.000289357,,,,,
11/19/1998,0,0.000279063,,,,,
11/20/1998,0,0.000267081,,,,,
11/21/1998,0,0.000255105,,,,,
11/22/1998,0,0.000238326,,,,,
11/23/1998,0,0.000216496,,,,,
11/24/1998,0,0.000214188,,,,,
11/25/1998,0,0.000293989,,,,,
11/26/1998,0,0.000298101,,,,,
11/27/1998,0,0.000256271,,,,,
11/28/1998,0,0.000243747,,,,,
11/29/1998,0,0.000239866,,,,,
11/30/1998,0,0.000236418,,,,,
12/1/1998,0,0.000235864,,,,,
12/2/1998,0,0.000235864,,,,,
12/3/1998,0,0.000235215,,,,,
12/4/1998,0,0.000229174,,,,,
12/5/1998,0,0.000221977,,,,,
12/6/1998,0,0.000216017,,,,,
12/7/1998,0,0.000220576,,,,,
12/8/1998,0,0.000227661,,,,,
12/9/1998,0,0.00023392,,,,,
12/10/1998,0,0.000229842,,,,,
12/11/1998,0,0.000222831,,,,,
12/12/1998,0,0.000216219,,,,,
12/13/1998,0,0.000216795,,,,,
12/14/1998,0,0.000220257,,,,,
12/15/1998,0,0.000222981,,,,,
12/16/1998,0,0.000185914,,,,,
12/17/1998,0,0.000129305,,,,,
12/18/1998,0,8.50E-05,,,,,
12/19/1998,0,7.97E-05,,,,,
12/20/1998,0,7.84E-05,,,,,
12/21/1998,0,7.69E-05,,,,,
12/22/1998,0,7.55E-05,,,,,
12/23/1998,0,7.41E-05,,,,,
12/24/1998,0,7.27E-05,,,,,
12/25/1998,0,7.17E-05,,,,,
12/26/1998,0,7.16E-05,,,,,
12/27/1998,0,7.16E-05,,,,,
12/28/1998,0,7.16E-05,,,,,
12/29/1998,0,7.16E-05,,,,,
12/30/1998,0,7.16E-05,,,,,
12/31/1998,0,1.05E-05,,,,,
1/1/1999,0,7.24E-05,,,,,
1/2/1999,0,7.40E-05,,,,,
1/3/1999,0,7.56E-05,,,,,
1/4/1999,0,7.72E-05,,,,,
1/5/1999,0,7.89E-05,,,,,
1/6/1999,0,8.00E-05,,,,,
1/7/1999,0,8.00E-05,,,,,
1/8/1999,0,8.00E-05,,,,,
1/9/1999,0,8.00E-05,,,,,
1/10/1999,0,8.00E-05,,,,,
1/11/1999,0,8.00E-05,,,,,
1/12/1999,0,0.000169861,,,,,
1/13/1999,0,0.000742084,,,,,
1/14/1999,0,0.000419117,,,,,
1/15/1999,0,0.000308555,,,,,
1/16/1999,0,0.000316562,,,,,
1/17/1999,0,0.001160658,,,,,
1/18/1999,0,0.002406579,,,,,
1/19/1999,0,0.001770415,,,,,
1/20/1999,0,0.001486791,,,,,
1/21/1999,8.32E-05,0.00231829,,,,,
1/22/1999,0.000678737,0.003924979,,,,,
1/23/1999,0.000751333,0.003040416,,,,,
1/24/1999,0.00067814,0.001736334,,,,,
1/25/1999,0.000622892,0.001484967,,,,,
1/26/1999,0.000508049,0.00130173,,,,,
1/27/1999,0.000361723,0.00108391,,,,,
1/28/1999,0.000386399,0.000866386,,,,,
1/29/1999,0.000415269,0.000773241,,,,,
1/30/1999,0.000401947,0.000679805,,,,,
1/31/1999,0.000401575,0.001121018,,,,,
2/1/1999,0.000402547,0.001585271,,,,,
2/2/1999,0.00041101,0.001561731,,,,,
2/3/1999,0.000412163,0.001336899,,,,,
2/4/1999,0.000376499,0.000935988,,,,,
2/5/1999,0.000357079,0.000828313,,,,,
2/6/1999,0.000402718,0.000829365,,,,,
2/7/1999,0.000543382,0.002922013,,,,,
2/8/1999,0.001831319,0.002006856,,,,,
2/9/1999,0.001412005,0.001605773,,,,,
2/10/1999,0.002367851,0.00147176,,,,,
2/11/1999,0.002081577,0.001180262,,,,,
2/12/1999,0.000861752,0.001047441,,,,,
2/13/1999,0.000388028,0.00091942,,,,,
2/14/1999,0.000378845,0.00089215,,,,,
2/15/1999,0.000364119,0.000778976,,,,,
2/16/1999,0.000348497,0.000650809,,,,,
2/17/1999,0.000331592,0.000534252,,,,,
2/18/1999,0.000304426,0.000521096,,,,,
2/19/1999,0.000266166,0.000517675,,,,,
2/20/1999,0.000235768,0.000504687,,,,,
2/21/1999,0.000208071,0.000472253,,,,,
2/22/1999,0.000189731,0.00048319,,,,,
2/23/1999,0.000172844,0.000475843,,,,,
2/24/1999,0.000156306,0.000449331,,,,,
2/25/1999,0.000141092,0.000411456,,,,,
2/26/1999,0.000136103,0.000398576,,,,,
2/27/1999,0.000119743,0.000393361,,,,,
2/28/1999,0.000100265,0.000398419,,,,,
3/1/1999,8.14E-05,0.000404092,,,,,
3/2/1999,7.35E-05,0.000441106,,,,,
3/3/1999,7.23E-05,0.000530772,,,,,
3/4/1999,7.09E-05,0.000556878,,,,,
3/5/1999,6.95E-05,0.000597022,,,,,
3/6/1999,6.81E-05,0.000636321,,,,,
3/7/1999,6.68E-05,0.000659664,,,,,
3/8/1999,6.54E-05,0.000645401,,,,,
3/9/1999,6.40E-05,0.000582478,,,,,
3/10/1999,6.26E-05,0.000510419,,,,,
3/11/1999,6.17E-05,0.000600912,,,,,
3/12/1999,6.16E-05,0.001314822,,,,,
3/13/1999,8.29E-05,0.00151043,,,,,
3/14/1999,0.000191639,0.001168341,,,,,
3/15/1999,0.000235739,0.000885114,,,,,
3/16/1999,0.000161173,0.000679301,,,,,
3/17/1999,0.000156482,0.000613149,,,,,
3/18/1999,0.00015182,0.00056829,,,,,
3/19/1999,0.000147186,0.000524727,,,,,
3/20/1999,0.000142581,0.000482465,,,,,
3/21/1999,0.000138005,0.000441513,,,,,
3/22/1999,0.000133458,0.000401879,,,,,
3/23/1999,0.000128939,0.00036357,,,,,
3/24/1999,0.000124335,0.000331243,,,,,
3/25/1999,0.000119079,0.00032222,,,,,
3/26/1999,0.000113745,0.000316157,,,,,
3/27/1999,0.000108452,0.000310132,,,,,
3/28/1999,0.000103202,0.000304145,,,,,
3/29/1999,9.80E-05,0.000298197,,,,,
3/30/1999,9.28E-05,0.000292286,,,,,
3/31/1999,8.06E-05,0.000286414,,,,,
4/1/1999,0,0.000281073,,,,,
4/2/1999,0,0.000277922,,,,,
4/3/1999,0,0.000275035,,,,,
4/4/1999,0,0.000272157,,,,,
4/5/1999,0,0.000269289,,,,,
4/6/1999,0,0.00026643,,,,,
4/7/1999,0,0.000263581,,,,,
4/8/1999,0,0.000260741,,,,,
4/9/1999,0.000218446,0.000257412,,,,,
4/10/1999,5.37E-06,0.000251957,,,,,
4/11/1999,0,0.000243193,,,,,
4/12/1999,0,0.000222629,,,,,
4/13/1999,0,0.000205207,,,,,
4/14/1999,0,0.000203583,,,,,
4/15/1999,0.000788287,0.000578131,,,,,
4/16/1999,0.002233499,0.001279871,,,,,
4/17/1999,0.002450588,0.001357868,,,,,
4/18/1999,0.001693701,0.001059617,,,,,
4/19/1999,0.001251984,0.000770893,,,,,
4/20/1999,0.001024023,0.000560184,,,,,
4/21/1999,0.001487379,0.001613195,,,,,
4/22/1999,0.001286306,0.001165939,,,,,
4/23/1999,0.000871935,0.000727404,,,,,
4/24/1999,0.000756075,0.000546751,,,,,
4/25/1999,0.000756075,0.000534502,,,,,
4/26/1999,0.000731138,0.000500125,,,,,
4/27/1999,0.000591587,0.000417411,,,,,
4/28/1999,0.000422263,0.000321209,,,,,
4/29/1999,0.000349448,0.000287228,,,,,
4/30/1999,0.000308058,0.000278445,,,,,
5/1/1999,0.000284456,0.000243109,,,,,
5/2/1999,0.000354827,0.000214188,,,,,
5/3/1999,0.000390757,0.000214188,,,,,
5/4/1999,0.000392602,0.000215836,,,,,
5/5/1999,0.000320753,0.00022011,,,,,
5/6/1999,0.000238748,0.000225613,,,,,
5/7/1999,0.000174184,0.000202162,,,,,
5/8/1999,3.78E-05,0.000173588,,,,,
5/9/1999,0,0.000164395,,,,,
5/10/1999,0,0.000155849,,,,,
5/11/1999,0,0.000160814,,,,,
5/12/1999,0,0.000171781,,,,,
5/13/1999,8.13E-05,0.000182901,,,,,
5/14/1999,0.000245828,0.00018665,,,,,
5/15/1999,0.000232726,0.000180269,,,,,
5/16/1999,0.000222794,0.000177527,,,,,
5/17/1999,0.000162454,0.000174827,,,,,
5/18/1999,0,0.000153259,,,,,
5/19/1999,0,0.000151346,,,,,
5/20/1999,0,0.000151346,,,,,
5/21/1999,0,0.000136856,,,,,
5/22/1999,0,0.000149775,,,,,
5/23/1999,0,0.000142139,,,,,
5/24/1999,0,0.000131416,,,,,
5/25/1999,0,0.000120896,,,,,
5/26/1999,0,0.000110578,,,,,
5/27/1999,0,0.000101112,,,,,
5/28/1999,0,0.000118213,,,,,
5/29/1999,0,0.000132955,,,,,
5/30/1999,0,0.000139375,,,,,
5/31/1999,0,0.000134249,,,,,
6/1/1999,5.21E-05,0.000258134,,,,,
6/2/1999,0.000214211,0.000939908,,,,,
6/3/1999,0,0.000473791,,,,,
6/4/1999,0,0.000424694,,,,,
6/5/1999,0,0.000440672,,,,,
6/6/1999,0,0.000402501,,,,,
6/7/1999,0,0.000305322,,,,,
6/8/1999,0,0.000295535,,,,,
6/9/1999,0,0.000298979,,,,,
6/10/1999,0,0.000302437,,,,,
6/11/1999,0,0.001290879,,,,,
6/12/1999,0,0.00136656,,,,,
6/13/1999,0,0.000828185,,,,,
6/14/1999,0,0.000474953,,,,,
6/15/1999,0,0.000394782,,,,,
6/16/1999,0,0.000401782,,,,,
6/17/1999,0,0.000353122,,,,,
6/18/1999,0,0.000290958,,,,,
6/19/1999,0,0.000282117,,,,,
6/20/1999,0,0.000298784,,,,,
6/21/1999,0,0.000286402,,,,,
6/22/1999,0,0.000263077,,,,,
6/23/1999,0,0.00024141,,,,,
6/24/1999,0,0.000221176,,,,,
6/25/1999,0,0.000199572,,,,,
6/26/1999,0,0.000254566,,,,,
6/27/1999,0,0.000260891,,,,,
6/28/1999,0,0.000224662,,,,,
6/29/1999,0,0.00019732,,,,,
6/30/1999,0,0.000184856,,,,,
7/1/1999,0,0.000175896,,,,,
7/2/1999,0,0.000169142,,,,,
7/3/1999,0,0.000163668,,,,,
7/4/1999,0,0.000158247,,,,,
7/5/1999,0,0.000152953,,,,,
7/6/1999,0,0.000147719,,,,,
7/7/1999,0,0.000133844,,,,,
7/8/1999,0,0.000120169,,,,,
7/9/1999,0,0.000114519,,,,,
7/10/1999,0,0.000103382,,,,,
7/11/1999,0,9.14E-05,,,,,
7/12/1999,0,7.92E-05,,,,,
7/13/1999,0,6.65E-05,,,,,
7/14/1999,0,4.13E-05,,,,,
7/15/1999,0,5.53E-05,,,,,
7/16/1999,0,4.99E-05,,,,,
7/17/1999,0,3.72E-05,,,,,
7/18/1999,0,2.80E-05,,,,,
7/19/1999,0,0.000121439,,,,,
7/20/1999,0,0.000751344,,,,,
7/21/1999,0,0.000258177,,,,,
7/22/1999,0,0.000159195,,,,,
7/23/1999,0,0.000198684,,,,,
7/24/1999,0,0.000175242,,,,,
7/25/1999,0,0.000170577,,,,,
7/26/1999,0,0.000159133,,,,,
7/27/1999,0,0.000170785,,,,,
7/28/1999,0,0.000208992,,,,,
7/29/1999,0,0.000154405,,,,,
7/30/1999,0,0.000108554,,,,,
7/31/1999,0,0.000106377,,,,,
8/1/1999,0,0.000118386,,,,,
8/2/1999,0,0.000104397,,,,,
8/3/1999,0,5.53E-05,,,,,
8/4/1999,0,1.98E-05,,,,,
8/5/1999,0,1.38E-05,,,,,
8/6/1999,0,7.99E-06,,,,,
8/7/1999,0,2.55E-06,,,,,
8/8/1999,0,0,,,,,
8/9/1999,0,0,,,,,
8/10/1999,0,0,,,,,
8/11/1999,0,0,,,,,
8/12/1999,0,1.32E-05,,,,,
8/13/1999,0,0.000340733,,,,,
8/14/1999,0,0.000124841,,,,,
8/15/1999,0,6.04E-05,,,,,
8/16/1999,0,2.66E-05,,,,,
8/17/1999,0,1.97E-05,,,,,
8/18/1999,0,1.52E-05,,,,,
8/19/1999,0,1.09E-05,,,,,
8/20/1999,0,6.62E-06,,,,,
8/21/1999,0,2.40E-06,,,,,
8/22/1999,0,1.53E-07,,,,,
8/23/1999,0,0,,,,,
8/24/1999,0,0,,,,,
8/25/1999,0,0,,,,,
8/26/1999,0,0,,,,,
8/27/1999,0,0,,,,,
8/28/1999,0,0,,,,,
8/29/1999,0,0,,,,,
8/30/1999,0,0,,,,,
8/31/1999,0,0,,,,,
9/1/1999,0,0,,,,,
9/2/1999,0,0,,,,,
9/3/1999,0,0,,,,,
9/4/1999,0,0,,,,,
9/5/1999,0,0,,,,,
9/6/1999,0,0,,,,,
9/7/1999,0,0,,,,,
9/8/1999,0,0,,,,,
9/9/1999,0,0,,,,,
9/10/1999,0,0,,,,,
9/11/1999,0,0,,,,,
9/12/1999,0,0,,,,,
9/13/1999,0,0,,,,,
9/14/1999,0,0,,,,,
9/15/1999,0,0,,,,,
9/16/1999,0,0,,,,,
9/17/1999,0,0,,,,,
9/18/1999,0,0,,,,,
9/19/1999,0,0,,,,,
9/20/1999,0,0,,,,,
9/21/1999,0,0,,,,,
9/22/1999,0,0,,,,,
9/23/1999,0,0,,,,,
9/24/1999,0,0,,,,,
9/25/1999,0,0,,,,,
9/26/1999,0,0,,,,,
9/27/1999,0,0,,,,,
9/28/1999,0,9.57E-05,,,,,
9/29/1999,0,0.00022327,,,,,
9/30/1999,0,8.28E-05,,,,,
10/1/1999,0,6.26E-05,,,,,
10/2/1999,0,5.18E-05,,,,,
10/3/1999,0,4.12E-05,,,,,
10/4/1999,0,3.18E-05,,,,,
10/5/1999,0,2.59E-05,,,,,
10/6/1999,0,2.05E-05,,,,,
10/7/1999,0,1.51E-05,,,,,
10/8/1999,0,9.83E-06,,,,,
10/9/1999,0,4.65E-06,,,,,
10/10/1999,0,1.04E-06,,,,,
10/11/1999,0,0,,,,,
10/12/1999,0,0,,,,,
10/13/1999,0,0,,,,,
10/14/1999,0,2.01E-06,,,,,
10/15/1999,0,2.16E-06,,,,,
10/16/1999,0,6.75E-07,,,,,
10/17/1999,0,0,,,,,
10/18/1999,0,0,,,,,
10/19/1999,0,0,,,,,
10/20/1999,0,0,,,,,
10/21/1999,0,0,,,,,
10/22/1999,0,0,,,,,
10/23/1999,0,0,,,,,
10/24/1999,0,0,,,,,
10/25/1999,0,0,,,,,
10/26/1999,0,0,,,,,
10/27/1999,0,0,,,,,
10/28/1999,0,0,,,,,
10/29/1999,0,1.67E-06,,,,,
10/30/1999,0,0,,,,,
10/31/1999,0,0,,,,,
11/1/1999,0,0.000103783,,,,,
11/2/1999,0,0.000449851,,,,,
11/3/1999,0,0.000247172,,,,,
11/4/1999,0,0.00019633,,,,,
11/5/1999,0,0.000172092,,,,,
11/6/1999,0,0.000158076,,,,,
11/7/1999,0,0.000150553,,,,,
11/8/1999,0,0.000126685,,,,,
11/9/1999,0,3.33E-05,,,,,
11/10/1999,0,4.42E-05,,,,,
11/11/1999,0,4.88E-05,,,,,
11/12/1999,0,5.01E-05,,,,,
11/13/1999,0,5.15E-05,,,,,
11/14/1999,0,5.28E-05,,,,,
11/15/1999,0,5.41E-05,,,,,
11/16/1999,0,5.54E-05,,,,,
11/17/1999,0,5.68E-05,,,,,
11/18/1999,0,5.81E-05,,,,,
11/19/1999,0,5.94E-05,,,,,
11/20/1999,0,6.08E-05,,,,,
11/21/1999,0,6.21E-05,,,,,
11/22/1999,0,6.31E-05,,,,,
11/23/1999,0,6.24E-05,,,,,
11/24/1999,0,6.15E-05,,,,,
11/25/1999,0,6.06E-05,,,,,
11/26/1999,0,5.97E-05,,,,,
11/27/1999,0,5.88E-05,,,,,
11/28/1999,0,5.79E-05,,,,,
11/29/1999,0,5.70E-05,,,,,
11/30/1999,0,5.61E-05,,,,,
12/1/1999,0,5.51E-05,,,,,
12/2/1999,0,5.35E-05,,,,,
12/3/1999,0,5.19E-05,,,,,
12/4/1999,0,5.02E-05,,,,,
12/5/1999,0,4.86E-05,,,,,
12/6/1999,0,5.33E-05,,,,,
12/7/1999,0,7.02E-05,,,,,
12/8/1999,0,7.43E-05,,,,,
12/9/1999,0,7.67E-05,,,,,
12/10/1999,0,7.92E-05,,,,,
12/11/1999,0,8.17E-05,,,,,
12/12/1999,0,8.42E-05,,,,,
12/13/1999,0,8.68E-05,,,,,
12/14/1999,0,0.000236185,,,,,
12/15/1999,0,0.000285455,,,,,
12/16/1999,0,0.000280775,,,,,
12/17/1999,0,0.000278374,,,,,
12/18/1999,0,0.000276125,,,,,
12/19/1999,0,0.000273882,,,,,
12/20/1999,0,0.000271645,,,,,
12/21/1999,0,0.000269754,,,,,
12/22/1999,0,0.000269531,,,,,
12/23/1999,0,0.000269531,,,,,
12/24/1999,0,0.000269531,,,,,
12/25/1999,0,0.000269531,,,,,
12/26/1999,0,0.000269531,,,,,
12/27/1999,0,0.000269531,,,,,
12/28/1999,0,0.000269531,,,,,
12/29/1999,0,0.000269531,,,,,
12/30/1999,0,0.000269531,,,,,
12/31/1999,0,0.000272905,,,,,
1/1/2000,0,0.000367254,,,,,
1/2/2000,0,0.000526582,,,,,
1/3/2000,0,0.001020707,,,,,
1/4/2000,0,0.000954859,,,,,
1/5/2000,0,0.000561273,,,,,
1/6/2000,0,0.000403061,,,,,
1/7/2000,0,0.000348356,,,,,
1/8/2000,0,0.000355399,,,,,
1/9/2000,0,0.000362487,,,,,
1/10/2000,0,0.000278126,,,,,
1/11/2000,0,0.000221314,,,,,
1/12/2000,0,0.000186397,,,,,
1/13/2000,0,0.000179978,,,,,
1/14/2000,0,0.00017732,,,,,
1/15/2000,0,0.000174833,,,,,
1/16/2000,0,0.000173412,,,,,
1/17/2000,0,0.000175788,,,,,
1/18/2000,0,0.000178517,,,,,
1/19/2000,0,0.000181257,,,,,
1/20/2000,0,0.000184009,,,,,
1/21/2000,0,0.000186772,,,,,
1/22/2000,0,0.000189546,,,,,
1/23/2000,0,0.000192176,,,,,
1/24/2000,0,0.000190232,,,,,
1/25/2000,0,0.000186176,,,,,
1/26/2000,0,0.000182145,,,,,
1/27/2000,0,0.000178138,,,,,
1/28/2000,0,0.000174155,,,,,
1/29/2000,0,0.000170197,,,,,
1/30/2000,0,0.000166263,,,,,
1/31/2000,0,0.00016351,,,,,
2/1/2000,0,0.000165641,,,,,
2/2/2000,0,0.000168322,,,,,
2/3/2000,0,0.000171014,,,,,
2/4/2000,0,0.000173718,,,,,
2/5/2000,0,0.000176434,,,,,
2/6/2000,0,0.00017916,,,,,
2/7/2000,0,0.000181944,,,,,
2/8/2000,0,0.000187115,,,,,
2/9/2000,1.16E-05,0.000203029,,,,,
2/10/2000,0.000145098,0.0010861,,,,,
2/11/2000,0.000200739,0.001536277,,,,,
2/12/2000,9.85E-05,0.001074332,,,,,
2/13/2000,2.30E-05,0.000805428,,,,,
2/14/2000,0,0.000631333,,,,,
2/15/2000,0,0.000486983,,,,,
2/16/2000,0,0.000472118,,,,,
2/17/2000,0,0.000472118,,,,,
2/18/2000,0,0.001693711,,,,,
2/19/2000,0,0.001791352,,,,,
2/20/2000,0,0.001516026,,,,,
2/21/2000,0,0.001044638,,,,,
2/22/2000,0,0.000934028,,,,,
2/23/2000,0,0.000755144,,,,,
2/24/2000,0,0.000702202,,,,,
2/25/2000,0,0.000654304,,,,,
2/26/2000,0,0.001035272,,,,,
2/27/2000,0,0.001707243,,,,,
2/28/2000,0,0.001525392,,,,,
2/29/2000,0,0.001372275,,,,,
3/1/2000,0,0.001078588,,,,,
3/2/2000,0,0.000978025,,,,,
3/3/2000,0,0.000928949,,,,,
3/4/2000,0,0.000818354,,,,,
3/5/2000,0,0.000715817,,,,,
3/6/2000,0,0.000628073,,,,,
3/7/2000,0,0.000608854,,,,,
3/8/2000,0,0.000564963,,,,,
3/9/2000,0,0.000462968,,,,,
3/10/2000,0,0.000239955,,,,,
3/11/2000,0,0.000221113,,,,,
3/12/2000,0,0.000244233,,,,,
3/13/2000,0,0.00026497,,,,,
3/14/2000,0,0.000262367,,,,,
3/15/2000,0,0.00025476,,,,,
3/16/2000,0,0.000248019,,,,,
3/17/2000,0,0.000246933,,,,,
3/18/2000,0,0.000246933,,,,,
3/19/2000,0,0.001105043,,,,,
3/20/2000,0,0.001739119,,,,,
3/21/2000,0,0.001330453,,,,,
3/22/2000,0,0.00108887,,,,,
3/23/2000,0,0.000907985,,,,,
3/24/2000,0,0.000826335,,,,,
3/25/2000,0,0.000662001,,,,,
3/26/2000,0,0.000649595,,,,,
3/27/2000,0,0.000556469,,,,,
3/28/2000,0,0.000479916,,,,,
3/29/2000,0,0.000426917,,,,,
3/30/2000,0,0.000427254,,,,,
3/31/2000,0,0.000423715,,,,,
4/1/2000,0,0.000417344,,,,,
4/2/2000,0,0.000407753,,,,,
4/3/2000,0,0.000399722,,,,,
4/4/2000,0,0.000392715,,,,,
4/5/2000,0,0.000385751,,,,,
4/6/2000,0,0.00037727,,,,,
4/7/2000,0,0.000359246,,,,,
4/8/2000,0,0.000339859,,,,,
4/9/2000,0,0.000316112,,,,,
4/10/2000,0,0.000231546,,,,,
4/11/2000,0,0.000214188,,,,,
4/12/2000,0,0.000214188,,,,,
4/13/2000,0,0.000214188,,,,,
4/14/2000,0,0.000214188,,,,,
4/15/2000,0,0.000214188,,,,,
4/16/2000,0,0.000214188,,,,,
4/17/2000,0,0.000379691,,,,,
4/18/2000,0,0.000219044,,,,,
4/19/2000,0,0.000198531,,,,,
4/20/2000,0,0.000194057,,,,,
4/21/2000,0,0.000189544,,,,,
4/22/2000,0,0.000180266,,,,,
4/23/2000,0,0.000168309,,,,,
4/24/2000,0,0.000156814,,,,,
4/25/2000,0,0.0001455,,,,,
4/26/2000,0,0.000134369,,,,,
4/27/2000,0,0.000124842,,,,,
4/28/2000,0,0.000121557,,,,,
4/29/2000,0,0.000119006,,,,,
4/30/2000,0,0.000116508,,,,,
5/1/2000,0,0.000116113,,,,,
5/2/2000,0,0.000118149,,,,,
5/3/2000,0,0.000120196,,,,,
5/4/2000,0,0.000122251,,,,,
5/5/2000,0,0.000124314,,,,,
5/6/2000,0,0.000126388,,,,,
5/7/2000,0,0.00012847,,,,,
5/8/2000,0,0.00013056,,,,,
5/9/2000,0,0.000132658,,,,,
5/10/2000,0,0.00010213,,,,,
5/11/2000,0,8.53E-05,,,,,
5/12/2000,0,0.000119929,,,,,
5/13/2000,0,0.000134511,,,,,
5/14/2000,0,0.000143929,,,,,
5/15/2000,0,0.000153501,,,,,
5/16/2000,0,0.000163227,,,,,
5/17/2000,0,0.000169826,,,,,
5/18/2000,0,0.000159776,,,,,
5/19/2000,0,0.000115153,,,,,
5/20/2000,0,0.000106133,,,,,
5/21/2000,0,0.000106966,,,,,
5/22/2000,0,0.000116404,,,,,
5/23/2000,0,0.000128296,,,,,
5/24/2000,0,0.00014045,,,,,
5/25/2000,0,0.000152865,,,,,
5/26/2000,0,0.000165542,,,,,
5/27/2000,0,0.000261003,,,,,
5/28/2000,0,0.000243505,,,,,
5/29/2000,0,0.000210899,,,,,
5/30/2000,0,0.000144279,,,,,
5/31/2000,0,0.000115168,,,,,
6/1/2000,0,0.000115168,,,,,
6/2/2000,0,0.000115168,,,,,
6/3/2000,0,0.000115168,,,,,
6/4/2000,0,0.000115252,,,,,
6/5/2000,0,0.000133277,,,,,
6/6/2000,0,0.000156372,,,,,
6/7/2000,0,0.000140669,,,,,
6/8/2000,0,0.000121923,,,,,
6/9/2000,0,0.000134713,,,,,
6/10/2000,0,0.000159417,,,,,
6/11/2000,0,0.000162718,,,,,
6/12/2000,0,0.000162718,,,,,
6/13/2000,0,0.000162718,,,,,
6/14/2000,0,0.00054938,,,,,
6/15/2000,0,0.000413209,,,,,
6/16/2000,0,0.000363241,,,,,
6/17/2000,0,0.000352547,,,,,
6/18/2000,0,0.000348521,,,,,
6/19/2000,0,0.00034473,,,,,
6/20/2000,0,0.000691142,,,,,
6/21/2000,0,0.001938322,,,,,
6/22/2000,0,0.001496891,,,,,
6/23/2000,0,0.00120915,,,,,
6/24/2000,0.000963911,0.002784159,,,,,
6/25/2000,0.001003523,0.00181594,,,,,
6/26/2000,0.000327226,0.000926188,,,,,
6/27/2000,8.89E-05,0.001210861,,,,,
6/28/2000,1.42E-05,0.000940841,,,,,
6/29/2000,0,0.000768653,,,,,
6/30/2000,0,0.000558197,,,,,
7/1/2000,0,0.000528724,,,,,
7/2/2000,0,0.000528724,,,,,
7/3/2000,0,0.000528724,,,,,
7/4/2000,1.79E-05,0.000513818,,,,,
7/5/2000,3.53E-05,0.000403166,,,,,
7/6/2000,0,0.000386581,,,,,
7/7/2000,0,0.000376696,,,,,
7/8/2000,0,0.000375837,,,,,
7/9/2000,0,0.000414853,,,,,
7/10/2000,0,0.000458378,,,,,
7/11/2000,0.000442638,0.000442728,,,,,
7/12/2000,3.89E-05,0.000282903,,,,,
7/13/2000,0,0.000229464,,,,,
7/14/2000,0,0.000228565,,,,,
7/15/2000,0,0.000227668,,,,,
7/16/2000,0,0.000226772,,,,,
7/17/2000,0,0.000225878,,,,,
7/18/2000,0,0.000221376,,,,,
7/19/2000,0,0.000191793,,,,,
7/20/2000,0,0.000164807,,,,,
7/21/2000,0,0.000166566,,,,,
7/22/2000,0,0.000199936,,,,,
7/23/2000,0,0.000167266,,,,,
7/24/2000,0,0.000183789,,,,,
7/25/2000,0,0.000177675,,,,,
7/26/2000,0,0.000168344,,,,,
7/27/2000,0,0.000157231,,,,,
7/28/2000,0,0.000146316,,,,,
7/29/2000,0,0.000135599,,,,,
7/30/2000,0,8.35E-05,,,,,
7/31/2000,0,2.89E-05,,,,,
8/1/2000,0,4.32E-05,,,,,
8/2/2000,0,5.82E-05,,,,,
8/3/2000,0,5.57E-05,,,,,
8/4/2000,0,5.07E-05,,,,,
8/5/2000,0,4.55E-05,,,,,
8/6/2000,0,3.72E-05,,,,,
8/7/2000,0,2.91E-05,,,,,
8/8/2000,0,2.12E-05,,,,,
8/9/2000,0,1.33E-05,,,,,
8/10/2000,0,1.83E-06,,,,,
8/11/2000,0,0,,,,,
8/12/2000,0,0,,,,,
8/13/2000,0,0,,,,,
8/14/2000,0,0,,,,,
8/15/2000,0,0,,,,,
8/16/2000,0,0,,,,,
8/17/2000,0,0,,,,,
8/18/2000,0,0,,,,,
8/19/2000,0,0,,,,,
8/20/2000,0,0,,,,,
8/21/2000,0,0,,,,,
8/22/2000,0,0,,,,,
8/23/2000,0,0,,,,,
8/24/2000,0,0,,,,,
8/25/2000,0,0,,,,,
8/26/2000,0,0,,,,,
8/27/2000,0,0,,,,,
8/28/2000,0,0,,,,,
8/29/2000,0,0,,,,,
8/30/2000,0,0,,,,,
8/31/2000,0,0,,,,,
9/1/2000,0,0,,,,,
9/2/2000,0,0,,,,,
9/3/2000,0,0,,,,,
9/4/2000,0,0,,,,,
9/5/2000,0,0,,,,,
9/6/2000,0,0,,,,,
9/7/2000,0,0,,,,,
9/8/2000,0,0,,,,,
9/9/2000,0,0,,,,,
9/10/2000,0,0,,,,,
9/11/2000,0,0,,,,,
9/12/2000,0,3.59E-06,,,,,
9/13/2000,0,0,,,,,
9/14/2000,0,0,,,,,
9/15/2000,0,0,,,,,
9/16/2000,0,0,,,,,
9/17/2000,0,0,,,,,
9/18/2000,0,0,,,,,
9/19/2000,0,0,,,,,
9/20/2000,0,0,,,,,
9/21/2000,0,0,,,,,
9/22/2000,0,0,,,,,
9/23/2000,0,0,,,,,
9/24/2000,0,0,,,,,
9/25/2000,0,0,,,,,
9/26/2000,0,0,,,,,
9/27/2000,0,0,,,,,
9/28/2000,0,0,,,,,
9/29/2000,0,0,,,,,
9/30/2000,0,0,,,,,
10/1/2000,0,0,,,,,
10/2/2000,0,0,,,,,
10/3/2000,0,0,,,,,
10/4/2000,0,0,,,,,
10/5/2000,0,0.000423476,,,,,
10/6/2000,0,0.000217193,,,,,
10/7/2000,0,0.000124369,,,,,
10/8/2000,0,8.25E-05,,,,,
10/9/2000,0,2.33E-05,,,,,
10/10/2000,0,0,,,,,
10/11/2000,0,5.28E-06,,,,,
10/12/2000,0,3.27E-06,,,,,
10/13/2000,0,0,,,,,
10/14/2000,0,0,,,,,
10/15/2000,0,0,,,,,
10/16/2000,0,0,,,,,
10/17/2000,0,0,,,,,
10/18/2000,0,0,,,,,
10/19/2000,0,0,,,,,
10/20/2000,0,0,,,,,
10/21/2000,0,0,,,,,
10/22/2000,0,0,,,,,
10/23/2000,0,0,,,,,
10/24/2000,0,0,,,,,
10/25/2000,0,8.11E-07,,,,,
10/26/2000,0,1.66E-06,,,,,
10/27/2000,0,1.22E-06,,,,,
10/28/2000,0,0,,,,,
10/29/2000,0,5.42E-06,,,,,
10/30/2000,0,5.87E-07,,,,,
10/31/2000,0,0,,,,,
11/1/2000,0,1.24E-06,,,,,
11/2/2000,0,3.46E-06,,,,,
11/3/2000,0,1.07E-05,,,,,
11/4/2000,0,1.74E-05,,,,,
11/5/2000,0,2.35E-05,,,,,
11/6/2000,0,2.46E-05,,,,,
11/7/2000,0,2.94E-05,,,,,
11/8/2000,0,5.65E-05,,,,,
11/9/2000,0,0.000481668,,,,,
11/10/2000,0,0.00036371,,,,,
11/11/2000,0,0.000262938,,,,,
11/12/2000,0,0.000196733,,,,,
11/13/2000,0,0.000149415,,,,,
11/14/2000,0,0.000123333,,,,,
11/15/2000,0,0.000100367,,,,,
11/16/2000,0,9.26E-05,,,,,
11/17/2000,0,8.91E-05,,,,,
11/18/2000,0,8.98E-05,,,,,
11/19/2000,0,9.09E-05,,,,,
11/20/2000,0,9.19E-05,,,,,
11/21/2000,0,9.30E-05,,,,,
11/22/2000,0,9.41E-05,,,,,
11/23/2000,0,9.52E-05,,,,,
11/24/2000,0,9.63E-05,,,,,
11/25/2000,0,9.72E-05,,,,,
11/26/2000,0,9.73E-05,,,,,
11/27/2000,0,9.71E-05,,,,,
11/28/2000,0,9.57E-05,,,,,
11/29/2000,0,9.42E-05,,,,,
11/30/2000,0,9.27E-05,,,,,
12/1/2000,0,9.12E-05,,,,,
12/2/2000,0,8.97E-05,,,,,
12/3/2000,0,8.86E-05,,,,,
12/4/2000,0,8.98E-05,,,,,
12/5/2000,0,9.74E-05,,,,,
12/6/2000,0,0.000106132,,,,,
12/7/2000,0,0.000115006,,,,,
12/8/2000,0,0.000124034,,,,,
12/9/2000,0,0.000133215,,,,,
12/10/2000,0,0.000142549,,,,,
12/11/2000,0,0.000277555,,,,,
12/12/2000,0,0.00027096,,,,,
12/13/2000,0,0.00022984,,,,,
12/14/2000,0,0.000207744,,,,,
12/15/2000,0,0.000203583,,,,,
12/16/2000,0,0.000198937,,,,,
12/17/2000,0,0.000181948,,,,,
12/18/2000,0,0.000164688,,,,,
12/19/2000,0,0.000150376,,,,,
12/20/2000,0,0.000141506,,,,,
12/21/2000,0,0.000132913,,,,,
12/22/2000,0,0.000123482,,,,,
12/23/2000,0,0.000108388,,,,,
12/24/2000,0,9.27E-05,,,,,
12/25/2000,0,7.76E-05,,,,,
12/26/2000,0,7.16E-05,,,,,
12/27/2000,0,7.16E-05,,,,,
12/28/2000,0,7.16E-05,,,,,
12/29/2000,0,7.16E-05,,,,,
12/30/2000,0,7.16E-05,,,,,
12/31/2000,0,7.16E-05,,,,,
