Date,A,,,,,,
1/1/1993,0.36642238,E,,,,,
1/2/1993,0.27829596,0.102933923,,,,,
1/3/1993,0.474191893,0.071371771,,,,,
1/4/1993,1.565502601,0.068298915,,,,,
1/5/1993,1.252591304,0.066043746,,,,,
1/6/1993,0.586698049,0.080058751,,,,,
1/7/1993,0.447204255,0.161350571,,,,,
1/8/1993,0.344352227,0.128977464,,,,,
1/9/1993,0.274294663,0.115642314,,,,,
1/10/1993,0.251929199,0.102931681,,,,,
1/11/1993,0.251929199,0.090846624,,,,,
1/12/1993,0.251929199,0.079389599,,,,,
1/13/1993,0.251929199,0.068564444,,,,,
1/14/1993,0.183128116,0.058376334,,,,,
1/15/1993,0.1296268,0.04948721,,,,,
1/16/1993,0.128552666,0.045475496,,,,,
1/17/1993,0.127481859,0.04397442,,,,,
1/18/1993,0.126414382,0.042620539,,,,,
1/19/1993,0.125350239,0.033062464,,,,,
1/20/1993,0.163858511,0.02578649,,,,,
1/21/1993,1.73485578,0.023936254,,,,,
1/22/1993,1.131752906,0.049951516,,,,,
1/23/1993,0.776285872,0.058201893,,,,,
1/24/1993,0.727569881,0.090902874,,,,,
1/25/1993,0.452508615,0.126344295,,,,,
1/26/1993,0.350588589,0.09954109,,,,,
1/27/1993,0.271584737,0.155244056,,,,,
1/28/1993,0.240766376,0.116008934,,,,,
1/29/1993,0.186565198,0.097368433,,,,,
1/30/1993,0.191349245,0.076082428,,,,,
1/31/1993,0.185972638,0.067449411,,,,,
2/1/1993,0.126669227,0.050716431,,,,,
2/2/1993,0.110533253,0.044969646,,,,,
2/3/1993,0.102008306,0.047526672,,,,,
2/4/1993,0.084753756,0.043203144,,,,,
2/5/1993,0.090197629,0.033466899,,,,,
2/6/1993,0.080222634,0.033641101,,,,,
2/7/1993,0.073892699,0.032276198,,,,,
2/8/1993,0.048435309,0.02894836,,,,,
2/9/1993,0.04453875,0.029664917,,,,,
2/10/1993,0.041356874,0.030639536,,,,,
2/11/1993,0.040176536,0.027247126,,,,,
2/12/1993,0.050892386,0.0271659,,,,,
2/13/1993,0.047418542,0.02150857,,,,,
2/14/1993,0.03091234,0.01998299,,,,,
2/15/1993,0.016743683,0.02605128,,,,,
2/16/1993,0.033232997,0.038416207,,,,,
2/17/1993,0,0.033153268,,,,,
2/18/1993,0,0.027350605,,,,,
2/19/1993,0,0.024676965,,,,,
2/20/1993,0,0.021438047,,,,,
2/21/1993,0,0.021066272,,,,,
2/22/1993,0,0.045141293,,,,,
2/23/1993,0,0.036406059,,,,,
2/24/1993,0,0.027980236,,,,,
2/25/1993,0,0.027228471,,,,,
2/26/1993,0,0.020371559,,,,,
2/27/1993,0,0.018461333,,,,,
2/28/1993,0,0.018961538,,,,,
3/1/1993,0,0.019465736,,,,,
3/2/1993,0.035014131,0.069806121,,,,,
3/3/1993,0.180295999,0.111856235,,,,,
3/4/1993,0.371952642,0.085492913,,,,,
3/5/1993,0.257389127,0.063162162,,,,,
3/6/1993,0.190274032,0.048955837,,,,,
3/7/1993,0.202166858,0.091029137,,,,,
3/8/1993,0.161842639,0.140699672,,,,,
3/9/1993,0.129003765,0.12300855,,,,,
3/10/1993,0.110124971,0.109545796,,,,,
3/11/1993,0.085412205,0.112348326,,,,,
3/12/1993,0.059316328,0.081034813,,,,,
3/13/1993,0.031365987,0.065690846,,,,,
3/14/1993,0.005501059,0.064510969,,,,,
3/15/1993,0,0.054199057,,,,,
3/16/1993,0,0.042222757,,,,,
3/17/1993,0,0.043557371,,,,,
3/18/1993,0,0.055460599,,,,,
3/19/1993,0.03178308,0.053692131,,,,,
3/20/1993,0.214806195,0.059863262,,,,,
3/21/1993,0.220360802,0.133210326,,,,,
3/22/1993,0.488925056,0.131763137,,,,,
3/23/1993,0.717146714,0.071737175,,,,,
3/24/1993,0.393642961,0.13220163,,,,,
3/25/1993,0.304446413,0.139968627,,,,,
3/26/1993,0.26873291,0.102784021,,,,,
3/27/1993,0.231878399,0.084901064,,,,,
3/28/1993,0.197237103,0.068981574,,,,,
3/29/1993,0.164830107,0.059714272,,,,,
3/30/1993,0.141759451,0.054953744,,,,,
3/31/1993,0.141897877,0.050898365,,,,,
4/1/1993,0.101107372,0.045671761,,,,,
4/2/1993,0.077598942,0.038823386,,,,,
4/3/1993,0.070641342,0.038737149,,,,,
4/4/1993,0.06952059,0.035092228,,,,,
4/5/1993,0.06845551,0.03372647,,,,,
4/6/1993,0.0634687,0.032073151,,,,,
4/7/1993,0.060546477,0.027562638,,,,,
4/8/1993,0.057027065,0.028130516,,,,,
4/9/1993,0.048949143,0.027319384,,,,,
4/10/1993,0.01712279,0.025921484,,,,,
4/11/1993,0.012646359,0.025467191,,,,,
4/12/1993,0,0.022460135,,,,,
4/13/1993,0.059436972,0.027607707,,,,,
4/14/1993,0.695851801,0.171515346,,,,,
4/15/1993,1.274799333,0.110615258,,,,,
4/16/1993,0.68142559,0.126086187,,,,,
4/17/1993,0.38653489,0.110929852,,,,,
4/18/1993,0.312380074,0.064627989,,,,,
4/19/1993,0.285033171,0.040183813,,,,,
4/20/1993,0.429423798,0.022232841,,,,,
4/21/1993,0.297836924,0.086404826,,,,,
4/22/1993,0.247499628,0.090469233,,,,,
4/23/1993,0.211365038,0.078034767,,,,,
4/24/1993,0.222695333,0.064370585,,,,,
4/25/1993,1.470970772,0.092108186,,,,,
4/26/1993,0.524769412,0.135534688,,,,,
4/27/1993,0.347910613,0.108879065,,,,,
4/28/1993,0.300913407,0.082635728,,,,,
4/29/1993,0.263092556,0.069785998,,,,,
4/30/1993,0.234767047,0.058507246,,,,,
5/1/1993,0.200269262,0.051898163,,,,,
5/2/1993,0.162767012,0.046511084,,,,,
5/3/1993,0.130731333,0.041131297,,,,,
5/4/1993,0.122958817,0.038550433,,,,,
5/5/1993,0.120412326,0.03501848,,,,,
5/6/1993,0.11575346,0.032884547,,,,,
5/7/1993,0.107178174,0.032859802,,,,,
5/8/1993,0.099122155,0.032034249,,,,,
5/9/1993,0.091286539,0.030415609,,,,,
5/10/1993,0.08367248,0.029851032,,,,,
5/11/1993,0.07628117,0.029481357,,,,,
5/12/1993,0.069113838,0.030896394,,,,,
5/13/1993,0.062171748,0.027079997,,,,,
5/14/1993,0.055456198,0.020589905,,,,,
5/15/1993,0.04896852,0.019460843,,,,,
5/16/1993,0.042710075,0.018933125,,,,,
5/17/1993,0.036682259,0.018931021,,,,,
5/18/1993,0.030886493,0.018931021,,,,,
5/19/1993,0.026685307,0.017880073,,,,,
5/20/1993,0.029584511,0.017303767,,,,,
5/21/1993,0.029876998,0.016803747,,,,,
5/22/1993,0.029716077,0.015299651,,,,,
5/23/1993,0.029555346,0.015373884,,,,,
5/24/1993,0.029394806,0.015796697,,,,,
5/25/1993,0.029234457,0.01264534,,,,,
5/26/1993,0.029074299,0.01193241,,,,,
5/27/1993,0.028914331,0.01193241,,,,,
5/28/1993,0.028754554,0.01193241,,,,,
5/29/1993,0.028594968,0.011334812,,,,,
5/30/1993,0.028435573,0.010881359,,,,,
5/31/1993,0.028276369,0.011922232,,,,,
6/1/1993,0.028117355,0.010568724,,,,,
6/2/1993,0.027958533,0.01047432,,,,,
6/3/1993,0.027799902,0.01047432,,,,,
6/4/1993,0.868581447,0.011616648,,,,,
6/5/1993,0.649278804,0.06610892,,,,,
6/6/1993,0.485385044,0.035159814,,,,,
6/7/1993,0.333191686,0.023781534,,,,,
6/8/1993,0.233721709,0.020923217,,,,,
6/9/1993,0.26302637,0.018304903,,,,,
6/10/1993,0.20066095,0.017029586,,,,,
6/11/1993,0.15266994,0.016245647,,,,,
6/12/1993,0.109701988,0.01372848,,,,,
6/13/1993,0.073437827,0.012629906,,,,,
6/14/1993,0.047600821,0.012629906,,,,,
6/15/1993,0.006734913,0.01233766,,,,,
6/16/1993,0.005047258,0.012824167,,,,,
6/17/1993,0.008142859,0.01555709,,,,,
6/18/1993,0.005272894,0.015356191,,,,,
6/19/1993,0.002049309,0.015155948,,,,,
6/20/1993,0.071762758,0.014956361,,,,,
6/21/1993,0.092192508,0.055836148,,,,,
6/22/1993,0.064496589,0.056536296,,,,,
6/23/1993,0.044933177,0.033339112,,,,,
6/24/1993,0.030750667,0.026531276,,,,,
6/25/1993,0.026753547,0.023784531,,,,,
6/26/1993,0.023879904,0.019145031,,,,,
6/27/1993,0.021066839,0.015040825,,,,,
6/28/1993,0.018314538,0.013939904,,,,,
6/29/1993,0.067502669,0.036261553,,,,,
6/30/1993,0.555692477,0.031271592,,,,,
7/1/1993,0.584541615,0.12020742,,,,,
7/2/1993,1.056410522,0.223345056,,,,,
7/3/1993,0.581405388,0.468114147,,,,,
7/4/1993,0.406640874,0.248835457,,,,,
7/5/1993,0.222071215,0.137907247,,,,,
7/6/1993,0.11243557,0.094867763,,,,,
7/7/1993,0.571298036,0.069598892,,,,,
7/8/1993,0.375202126,0.060178735,,,,,
7/9/1993,0.278518622,0.176399825,,,,,
7/10/1993,0.130544523,0.107090993,,,,,
7/11/1993,0.027180133,0.095495283,,,,,
7/12/1993,0.014164329,0.046779349,,,,,
7/13/1993,0.020143324,0.041554084,,,,,
7/14/1993,0.654180639,0.040499303,,,,,
7/15/1993,0.144927505,0.1637497,,,,,
7/16/1993,0.831577474,0.097060687,,,,,
7/17/1993,0.351365883,0.149875677,,,,,
7/18/1993,0.912129202,0.172510329,,,,,
7/19/1993,0.768684054,0.156121085,,,,,
7/20/1993,0.317346334,0.205220121,,,,,
7/21/1993,0.177635509,0.163413598,,,,,
7/22/1993,0.139227942,0.118657672,,,,,
7/23/1993,0.116884227,0.081497787,,,,,
7/24/1993,0.316539847,0.068236893,,,,,
7/25/1993,0.325834361,0.078919499,,,,,
7/26/1993,0.158084191,0.072770934,,,,,
7/27/1993,0.123274501,0.140053737,,,,,
7/28/1993,0.061948949,0.084284576,,,,,
7/29/1993,0,0.061181992,,,,,
7/30/1993,0,0.050645259,,,,,
7/31/1993,0,0.040913423,,,,,
8/1/1993,0,0.034826312,,,,,
8/2/1993,0,0.030639783,,,,,
8/3/1993,0,0.027353622,,,,,
8/4/1993,0,0.021966894,,,,,
8/5/1993,0,0.016215337,,,,,
8/6/1993,0,0.010312717,,,,,
8/7/1993,0,0.00866101,,,,,
8/8/1993,0,0.007583511,,,,,
8/9/1993,0,0.007120853,,,,,
8/10/1993,0,0.005635042,,,,,
8/11/1993,0,0.00502649,,,,,
8/12/1993,0,0.011869364,,,,,
8/13/1993,0,0.010067781,,,,,
8/14/1993,0,0.007405269,,,,,
8/15/1993,0,0.006137262,,,,,
8/16/1993,0.0003016,0.005167532,,,,,
8/17/1993,0.423119647,0.00625444,,,,,
8/18/1993,0.130870511,0.127003446,,,,,
8/19/1993,0.130203454,0.037296785,,,,,
8/20/1993,0.052175737,0.023006022,,,,,
8/21/1993,0,0.012839035,,,,,
8/22/1993,0,0.010282933,,,,,
8/23/1993,0,0.00984756,,,,,
8/24/1993,0,0.010774077,,,,,
8/25/1993,0,0.007328967,,,,,
8/26/1993,0,0.005291505,,,,,
8/27/1993,0,0.004484309,,,,,
8/28/1993,0,0.003607228,,,,,
8/29/1993,0,0.007662572,,,,,
8/30/1993,0,0.004137795,,,,,
8/31/1993,0,0.003199776,,,,,
9/1/1993,0,0.019652152,,,,,
9/2/1993,0.146705051,0.011029437,,,,,
9/3/1993,0.541275037,0.047385474,,,,,
9/4/1993,0.177565889,0.119397027,,,,,
9/5/1993,0.082055317,0.091341368,,,,,
9/6/1993,0.006304404,0.0787042,,,,,
9/7/1993,0,0.066853367,,,,,
9/8/1993,0,0.055794682,,,,,
9/9/1993,0,0.045536408,,,,,
9/10/1993,0,0.036089145,,,,,
9/11/1993,0,0.027465694,,,,,
9/12/1993,0.237041386,0.019680892,,,,,
9/13/1993,0.171234713,0.012751422,,,,,
9/14/1993,0.602354501,0.007682306,,,,,
9/15/1993,0.597592985,0.071854757,,,,,
9/16/1993,0.31157258,0.098960049,,,,,
9/17/1993,0.238943129,0.053933962,,,,,
9/18/1993,0.174929136,0.027887883,,,,,
9/19/1993,0.119524195,0.021951802,,,,,
9/20/1993,0.072873988,0.017130816,,,,,
9/21/1993,0.04823972,0.012695302,,,,,
9/22/1993,0.033067392,0.212365201,,,,,
9/23/1993,0.014858207,0.205914738,,,,,
9/24/1993,0,0.180748354,,,,,
9/25/1993,0.369798701,0.157135824,,,,,
9/26/1993,0.490552312,0.135048994,,,,,
9/27/1993,0.747709384,0.114468371,,,,,
9/28/1993,0.406453879,0.097971797,,,,,
9/29/1993,0.288345188,0.087702508,,,,,
9/30/1993,0.228840546,0.058927618,,,,,
10/1/1993,0.169845772,0.032927177,,,,,
10/2/1993,0.116163974,0.033451532,,,,,
10/3/1993,0.107183209,0.025497556,,,,,
10/4/1993,0.092456094,0.019278441,,,,,
10/5/1993,0.017630897,0.020854125,,,,,
10/6/1993,0.015938852,0.022990382,,,,,
10/7/1993,0.006140565,0.025194542,,,,,
10/8/1993,0.022146489,0.02746622,,,,,
10/9/1993,0.586095481,0.029805047,,,,,
10/10/1993,0.285711875,0.032210667,,,,,
10/11/1993,0.207289657,0.034682736,,,,,
10/12/1993,0.149974941,0.037220926,,,,,
10/13/1993,0.116088316,0.039814802,,,,,
10/14/1993,0.083299768,0.033507331,,,,,
10/15/1993,0.064101532,0.031548979,,,,,
10/16/1993,0.06845885,0.029634687,,,,,
10/17/1993,0.708669457,0.027764642,,,,,
10/18/1993,0.306303035,0.025939037,,,,,
10/19/1993,0.215132146,0.049293051,,,,,
10/20/1993,0.378462662,0.048967818,,,,,
10/21/1993,0.372190924,0.128532136,,,,,
10/22/1993,0.298937501,0.126641876,,,,,
10/23/1993,0.251910039,0.090845218,,,,,
10/24/1993,0.208373095,0.06694683,,,,,
10/25/1993,0.168336194,0.055540655,,,,,
10/26/1993,0.13182951,0.050934691,,,,,
10/27/1993,0.101681538,0.045903462,,,,,
10/28/1993,0.089863617,0.043029145,,,,,
10/29/1993,0.008337216,0.040784893,,,,,
10/30/1993,0,0.034455072,,,,,
10/31/1993,0,0.032018463,,,,,
11/1/1993,0,0.028778764,,,,,
11/2/1993,0,0.024434776,,,,,
11/3/1993,0,0.02142798,,,,,
11/4/1993,0,0.022662819,,,,,
11/5/1993,0,0.021369089,,,,,
11/6/1993,0,0.014217055,,,,,
11/7/1993,0,0.013396647,,,,,
11/8/1993,0,0.012591241,,,,,
11/9/1993,0,0.011844116,,,,,
11/10/1993,0,0.011386307,,,,,
11/11/1993,0,0.010981143,,,,,
11/12/1993,0,0.010916778,,,,,
11/13/1993,0.011011904,0.015496119,,,,,
11/14/1993,1.087998536,0.037237398,,,,,
11/15/1993,0.670428716,0.227159127,,,,,
11/16/1993,0.446423145,0.161497219,,,,,
11/17/1993,2.248747721,0.104653966,,,,,
11/18/1993,1.042706687,0.252896171,,,,,
11/19/1993,0.580383886,0.206263519,,,,,
11/20/1993,0.406401371,0.13813076,,,,,
11/21/1993,0.305426716,0.095138427,,,,,
11/22/1993,0.226715253,0.072762169,,,,,
11/23/1993,0.191772532,0.056875846,,,,,
11/24/1993,0.148177354,0.054635342,,,,,
11/25/1993,0.295434392,0.049749921,,,,,
11/26/1993,1.00060033,0.098632498,,,,,
11/27/1993,0.539603141,0.288337789,,,,,
11/28/1993,0.371725737,0.161748123,,,,,
11/29/1993,0.26025133,0.114522246,,,,,
11/30/1993,0.199605905,0.091662151,,,,,
12/1/1993,0.248727828,0.073111731,,,,,
12/2/1993,0.813957568,0.102984988,,,,,
12/3/1993,0.550277408,0.282923972,,,,,
12/4/1993,0.548920937,0.169854781,,,,,
12/5/1993,0.392790797,0.162611993,,,,,
12/6/1993,0.290505797,0.111194608,,,,,
12/7/1993,0.227645971,0.084394178,,,,,
12/8/1993,0.180921299,0.070583786,,,,,
12/9/1993,0.160904655,0.058510583,,,,,
12/10/1993,0.126351,0.054030893,,,,,
12/11/1993,0.090680649,0.04231792,,,,,
12/12/1993,0.094307282,0.037592613,,,,,
12/13/1993,0.088840463,0.036494485,,,,,
12/14/1993,0.08286813,0.035421982,,,,,
12/15/1993,0.04018709,0.0395708,,,,,
12/16/1993,0,0.033242509,,,,,
12/17/1993,0,0.031467176,,,,,
12/18/1993,0.089063842,0.033561016,,,,,
12/19/1993,0.071308095,0.050312861,,,,,
12/20/1993,0.210327484,0.04526106,,,,,
12/21/1993,0.185063541,0.09609869,,,,,
12/22/1993,0.132206998,0.07880342,,,,,
12/23/1993,0.099452286,0.056866256,,,,,
12/24/1993,0.098626018,0.042774608,,,,,
12/25/1993,0.041640082,0.041227254,,,,,
12/26/1993,0.00310724,0.034880547,,,,,
12/27/1993,0,0.029481265,,,,,
12/28/1993,0,0.027261538,,,,,
12/29/1993,0,0.026282905,,,,,
12/30/1993,0,0.022333786,,,,,
12/31/1993,0,0.018622777,,,,,
1/1/1994,0,0.018341627,,,,,
1/2/1994,0,0.018061816,,,,,
1/3/1994,0,0.017783343,,,,,
1/4/1994,0,0.017506209,,,,,
1/5/1994,0,0.017160096,,,,,
1/6/1994,0,0.016474308,,,,,
1/7/1994,0,0.015604265,,,,,
1/8/1994,0,0.013667117,,,,,
1/9/1994,0,0.011581747,,,,,
1/10/1994,0,0.010366938,,,,,
1/11/1994,0,0.011222237,,,,,
1/12/1994,0,0.011363426,,,,,
1/13/1994,0,0.011363426,,,,,
1/14/1994,0,0.008396116,,,,,
1/15/1994,0,0.007269307,,,,,
1/16/1994,0,0.006445534,,,,,
1/17/1994,0,0.006500206,,,,,
1/18/1994,0.001395992,0.0066188,,,,,
1/19/1994,0.012548634,0.006737892,,,,,
1/20/1994,0.021124106,0.006857483,,,,,
1/21/1994,0.023415415,0.006977572,,,,,
1/22/1994,0.022425514,0.007098159,,,,,
1/23/1994,0.017648355,0.007219244,,,,,
1/24/1994,0.009342893,0.008390597,,,,,
1/25/1994,0.083440132,0.023831639,,,,,
1/26/1994,0.05352033,0.104480626,,,,,
1/27/1994,0.194809482,0.026979736,,,,,
1/28/1994,0.245749654,0.090791381,,,,,
1/29/1994,0.077472924,0.088993063,,,,,
1/30/1994,0.043771142,0.021388643,,,,,
1/31/1994,0.031362206,0.018907746,,,,,
2/1/1994,0.023772063,0.018065812,,,,,
2/2/1994,0.012791557,0.014752268,,,,,
2/3/1994,0,0.013606334,,,,,
2/4/1994,0,0.01047231,,,,,
2/5/1994,0,0.008947622,,,,,
2/6/1994,0,0.008814455,,,,,
2/7/1994,0,0.008814455,,,,,
2/8/1994,0,0.008814455,,,,,
2/9/1994,0,0.008618569,,,,,
2/10/1994,0,0.00705966,,,,,
2/11/1994,0,0.005294319,,,,,
2/12/1994,0,0.005102414,,,,,
2/13/1994,0,0.004992619,,,,,
2/14/1994,0,0.004883292,,,,,
2/15/1994,0,0.004675623,,,,,
2/16/1994,0,0.005914352,,,,,
2/17/1994,0.007256335,0.005679238,,,,,
2/18/1994,0.022271001,0.008142958,,,,,
2/19/1994,0.077131979,0.008924967,,,,,
2/20/1994,0.102876845,0.008245979,,,,,
2/21/1994,0.06241075,0.013285202,,,,,
2/22/1994,0.044742622,0.011111021,,,,,
2/23/1994,0.033870472,0.0100612,,,,,
2/24/1994,0.019099689,0.009002931,,,,,
2/25/1994,0.010195793,0.007878412,,,,,
2/26/1994,0,0.007372256,,,,,
2/27/1994,0,0.005809581,,,,,
2/28/1994,0,0.005736498,,,,,
3/1/1994,0,0.005736498,,,,,
3/2/1994,0,0.005736498,,,,,
3/3/1994,0.004286251,0.005736498,,,,,
3/4/1994,0.024295499,0.024682137,,,,,
3/5/1994,0.033734386,0.065195469,,,,,
3/6/1994,0.03402164,0.03176613,,,,,
3/7/1994,0.085741494,0.028292076,,,,,
3/8/1994,0.069202351,0.045405125,,,,,
3/9/1994,0.051991699,0.035019262,,,,,
3/10/1994,0.071334424,0.024366421,,,,,
3/11/1994,0.062109227,0.022614428,,,,,
3/12/1994,0.052106219,0.02178124,,,,,
3/13/1994,0.045901334,0.019134662,,,,,
3/14/1994,0.04369503,0.018425914,,,,,
3/15/1994,0.024831897,0.017445643,,,,,
3/16/1994,0,0.015330089,,,,,
3/17/1994,0.015931453,0.0148577,,,,,
3/18/1994,0.013781289,0.014621008,,,,,
3/19/1994,0,0.013279864,,,,,
3/20/1994,0,0.010487224,,,,,
3/21/1994,0,0.011312756,,,,,
3/22/1994,0,0.013880576,,,,,
3/23/1994,0,0.012660166,,,,,
3/24/1994,0,0.010567192,,,,,
3/25/1994,0,0.010061722,,,,,
3/26/1994,0,0.00959914,,,,,
3/27/1994,0,0.010204618,,,,,
3/28/1994,0,0.011028073,,,,,
3/29/1994,0,0.010596867,,,,,
3/30/1994,0,0.010470273,,,,,
3/31/1994,0,0.010487696,,,,,
4/1/1994,0,0.010380935,,,,,
4/2/1994,0,0.009584544,,,,,
4/3/1994,0,0.009153511,,,,,
4/4/1994,0,0.009856489,,,,,
4/5/1994,0,0.010101349,,,,,
4/6/1994,0.038211443,0.01083664,,,,,
4/7/1994,0.047007774,0.033914711,,,,,
4/8/1994,0.054510881,0.013007468,,,,,
4/9/1994,0.044043518,0.097205576,,,,,
4/10/1994,0.533608673,0.084183212,,,,,
4/11/1994,0.824550879,0.425008475,,,,,
4/12/1994,1.552486423,0.29983315,,,,,
4/13/1994,0.761087534,0.297359776,,,,,
4/14/1994,0.547073429,0.196566366,,,,,
4/15/1994,0.462060094,0.125139913,,,,,
4/16/1994,0.361491165,0.246783826,,,,,
4/17/1994,0.286590523,0.16642417,,,,,
4/18/1994,0.246121544,0.10857228,,,,,
4/19/1994,0.188949498,0.089812782,,,,,
4/20/1994,0.142053713,0.057433261,,,,,
4/21/1994,0.109708977,0.049155802,,,,,
4/22/1994,0.100552751,0.044078191,,,,,
4/23/1994,0.09828027,0.045735875,,,,,
4/24/1994,0.096512841,0.043261897,,,,,
4/25/1994,0.086698271,0.041554078,,,,,
4/26/1994,0.077716531,0.040266087,,,,,
4/27/1994,0.097783421,0.030845525,,,,,
4/28/1994,0.800948936,0.017941572,,,,,
4/29/1994,0.712558421,0.213594869,,,,,
4/30/1994,0.721655785,0.178701495,,,,,
5/1/1994,0.572226288,0.253312024,,,,,
5/2/1994,0.413379356,0.146952441,,,,,
5/3/1994,0.330590427,0.087729366,,,,,
5/4/1994,0.25530222,0.070438766,,,,,
5/5/1994,0.205673655,0.052893688,,,,,
5/6/1994,0.233319023,0.042353949,,,,,
5/7/1994,1.104397222,0.044053379,,,,,
5/8/1994,0.633770471,0.245426378,,,,,
5/9/1994,0.438607757,0.162401504,,,,,
5/10/1994,0.333176449,0.088395361,,,,,
5/11/1994,0.279793505,0.060109047,,,,,
5/12/1994,0.242947016,0.052687435,,,,,
5/13/1994,0.206793233,0.051434698,,,,,
5/14/1994,0.173098253,0.048753461,,,,,
5/15/1994,0.138569191,0.044133735,,,,,
5/16/1994,0.113625893,0.039326594,,,,,
5/17/1994,0.106196046,0.03472793,,,,,
5/18/1994,0.101171102,0.01908413,,,,,
5/19/1994,0.121340282,0.015349064,,,,,
5/20/1994,0.117110771,0.015047126,,,,,
5/21/1994,0.112937508,0.014747188,,,,,
5/22/1994,0.108706504,0.014449254,,,,,
5/23/1994,0.103085144,0.014153326,,,,,
5/24/1994,0.067668835,0.013859407,,,,,
5/25/1994,0,0.111006312,,,,,
5/26/1994,0.229829646,0.384299211,,,,,
5/27/1994,0.16765797,0.169180227,,,,,
5/28/1994,0.118304722,0.078480428,,,,,
5/29/1994,0.078343302,0.05536962,,,,,
5/30/1994,0.060529292,0.049277147,,,,,
5/31/1994,0.048880314,0.043471632,,,,,
6/1/1994,0.031663942,0.037834141,,,,,
6/2/1994,0.024076809,0.025645011,,,,,
6/3/1994,0.02345876,0.019580273,,,,,
6/4/1994,0.022405084,0.018923424,,,,,
6/5/1994,0.021117462,0.018728515,,,,,
6/6/1994,0.019858285,0.018534283,,,,,
6/7/1994,0.017950657,0.018340727,,,,,
6/8/1994,0.012714651,0.018147849,,,,,
6/9/1994,0.010948868,0.017955648,,,,,
6/10/1994,0.0096958,0.010663045,,,,,
6/11/1994,0.00848988,0.004598773,,,,,
6/12/1994,0.007407483,0.004229628,,,,,
6/13/1994,0.005401795,0.003870328,,,,,
6/14/1994,1.59E-05,0.003520922,,,,,
6/15/1994,0,0.003181458,,,,,
6/16/1994,0,0.006943948,,,,,
6/17/1994,0,0.009387059,,,,,
6/18/1994,0,0.009237522,,,,,
6/19/1994,0,0.009088635,,,,,
6/20/1994,0,0.008940398,,,,,
6/21/1994,0,0.008792812,,,,,
6/22/1994,0,0.008645877,,,,,
6/23/1994,0,0.008694908,,,,,
6/24/1994,0,0.007990946,,,,,
6/25/1994,0,0.006867599,,,,,
6/26/1994,0,0.006856477,,,,,
6/27/1994,0,0.007156262,,,,,
6/28/1994,0,0.007459089,,,,,
6/29/1994,0,0.007764953,,,,,
6/30/1994,0,0.008059901,,,,,
7/1/1994,0,0.008305965,,,,,
7/2/1994,0,0.008548818,,,,,
7/3/1994,0,0.00879348,,,,,
7/4/1994,0,0.009039949,,,,,
7/5/1994,0,0.009288221,,,,,
7/6/1994,0,0.009440444,,,,,
7/7/1994,0,0.005872685,,,,,
7/8/1994,0,0.004740595,,,,,
7/9/1994,0,0.004610344,,,,,
7/10/1994,0,0.00448084,,,,,
7/11/1994,0,0.004352085,,,,,
7/12/1994,0,0.004224078,,,,,
7/13/1994,0,0.004055089,,,,,
7/14/1994,0,0.003174052,,,,,
7/15/1994,0,0.002078323,,,,,
7/16/1994,0,0.001048574,,,,,
7/17/1994,0,0.000275131,,,,,
7/18/1994,0,0,,,,,
7/19/1994,0,0,,,,,
7/20/1994,0,0,,,,,
7/21/1994,0,0.009564177,,,,,
7/22/1994,0,0.042933918,,,,,
7/23/1994,0,0.032888679,,,,,
7/24/1994,0,0.023839656,,,,,
7/25/1994,0,0.015894959,,,,,
7/26/1994,0,0.009083563,,,,,
7/27/1994,0,0.003439125,,,,,
7/28/1994,0,0.000305325,,,,,
7/29/1994,0,0,,,,,
7/30/1994,0,0,,,,,
7/31/1994,0,0,,,,,
8/1/1994,0,0,,,,,
8/2/1994,0,0.002163433,,,,,
8/3/1994,0,0.002155935,,,,,
8/4/1994,0,0.002905087,,,,,
8/5/1994,0,0.001632332,,,,,
8/6/1994,0,0,,,,,
8/7/1994,0,0,,,,,
8/8/1994,0,0,,,,,
8/9/1994,0,0,,,,,
8/10/1994,0,0,,,,,
8/11/1994,0,0,,,,,
8/12/1994,0,0,,,,,
8/13/1994,0,0,,,,,
8/14/1994,0,0.002905807,,,,,
8/15/1994,0,1.75E-05,,,,,
8/16/1994,0,0,,,,,
8/17/1994,0,0,,,,,
8/18/1994,0,0,,,,,
8/19/1994,0,0,,,,,
8/20/1994,0,0,,,,,
8/21/1994,0,0.009185923,,,,,
8/22/1994,0,0.01120344,,,,,
8/23/1994,0,0.006535546,,,,,
8/24/1994,0,0.006836707,,,,,
8/25/1994,0,0.00773752,,,,,
8/26/1994,0,0.008666517,,,,,
8/27/1994,0,0.009623558,,,,,
8/28/1994,0,0.010608505,,,,,
8/29/1994,0,0.004969386,,,,,
8/30/1994,0,0.001095166,,,,,
8/31/1994,0,0.000194934,,,,,
9/1/1994,0,0,,,,,
9/2/1994,0,0,,,,,
9/3/1994,0,0,,,,,
9/4/1994,0,0,,,,,
9/5/1994,0,0,,,,,
9/6/1994,0,0,,,,,
9/7/1994,0,0,,,,,
9/8/1994,0,0,,,,,
9/9/1994,0,0,,,,,
9/10/1994,0,0,,,,,
9/11/1994,0,0,,,,,
9/12/1994,0,0,,,,,
9/13/1994,0,0,,,,,
9/14/1994,0,0,,,,,
9/15/1994,0,0,,,,,
9/16/1994,0,0,,,,,
9/17/1994,0,0,,,,,
9/18/1994,0,0,,,,,
9/19/1994,0,0,,,,,
9/20/1994,0,0,,,,,
9/21/1994,0,0,,,,,
9/22/1994,0,0,,,,,
9/23/1994,0,0,,,,,
9/24/1994,0,0.000375051,,,,,
9/25/1994,0,0.003925878,,,,,
9/26/1994,0,0.005266864,,,,,
9/27/1994,0,0.036144419,,,,,
9/28/1994,0,0.009584443,,,,,
9/29/1994,0,0.006470104,,,,,
9/30/1994,0,0.006011884,,,,,
10/1/1994,0,0.005562227,,,,,
10/2/1994,0,0.005101281,,,,,
10/3/1994,0,0.00493206,,,,,
10/4/1994,0,0.004978175,,,,,
10/5/1994,0,0.005024389,,,,,
10/6/1994,0,0.005070703,,,,,
10/7/1994,0,0.005117115,,,,,
10/8/1994,0,0.005163625,,,,,
10/9/1994,0,0.005210235,,,,,
10/10/1994,0,0.005340404,,,,,
10/11/1994,0,0.005301387,,,,,
10/12/1994,0,0.005006912,,,,,
10/13/1994,0,0.004716292,,,,,
10/14/1994,0,0.005327119,,,,,
10/15/1994,0,0.00640452,,,,,
10/16/1994,0,0.00640452,,,,,
10/17/1994,0,0.00640452,,,,,
10/18/1994,0,0.00640452,,,,,
10/19/1994,0,0.006017349,,,,,
10/20/1994,0,0.006001997,,,,,
10/21/1994,0,0.006057257,,,,,
10/22/1994,0,0.006112626,,,,,
10/23/1994,0,0.006168102,,,,,
10/24/1994,0,0.006223685,,,,,
10/25/1994,0,0.006279377,,,,,
10/26/1994,0,0.006335176,,,,,
10/27/1994,0,0.006391082,,,,,
10/28/1994,0,0.006704158,,,,,
10/29/1994,0,0.00761673,,,,,
10/30/1994,0,0.008578884,,,,,
10/31/1994,0,0.009569222,,,,,
11/1/1994,0,0.012274341,,,,,
11/2/1994,0,0.009949434,,,,,
11/3/1994,0,0.009167369,,,,,
11/4/1994,0,0.009808933,,,,,
11/5/1994,0,0.044906947,,,,,
11/6/1994,0,0.066027412,,,,,
11/7/1994,0,0.045113185,,,,,
11/8/1994,0,0.024282957,,,,,
11/9/1994,0,0.019626359,,,,,
11/10/1994,0,0.074050085,,,,,
11/11/1994,0,0.049024854,,,,,
11/12/1994,0,0.020764336,,,,,
11/13/1994,0,0.016981599,,,,,
11/14/1994,0,0.012633984,,,,,
11/15/1994,0,0.012615756,,,,,
11/16/1994,0,0.012709858,,,,,
11/17/1994,0,0.012804193,,,,,
11/18/1994,0,0.012893596,,,,,
11/19/1994,0,0.01227256,,,,,
11/20/1994,0,0.014665381,,,,,
11/21/1994,0,0.017368456,,,,,
11/22/1994,0,0.040924031,,,,,
11/23/1994,0,0.023722089,,,,,
11/24/1994,0,0.02627966,,,,,
11/25/1994,0,0.02627966,,,,,
11/26/1994,0,0.02627966,,,,,
11/27/1994,0,0.027738283,,,,,
11/28/1994,0,0.037279167,,,,,
11/29/1994,0,0.04055656,,,,,
11/30/1994,0,0.035968226,,,,,
12/1/1994,0,0.033107448,,,,,
12/2/1994,0,0.03237946,,,,,
12/3/1994,0,0.031657484,,,,,
12/4/1994,0,0.027792074,,,,,
12/5/1994,0,0.026603627,,,,,
12/6/1994,0,0.027000739,,,,,
12/7/1994,0,0.027399943,,,,,
12/8/1994,0,0.027829272,,,,,
12/9/1994,0,0.026901487,,,,,
12/10/1994,0,0.047333203,,,,,
12/11/1994,0,0.052392006,,,,,
12/12/1994,0,0.044766658,,,,,
12/13/1994,0,0.037720018,,,,,
12/14/1994,0,0.032487082,,,,,
12/15/1994,0,0.031946336,,,,,
12/16/1994,0,0.031678494,,,,,
12/17/1994,0,0.089462563,,,,,
12/18/1994,0,0.090346241,,,,,
12/19/1994,0,0.058464099,,,,,
12/20/1994,0,0.045490574,,,,,
12/21/1994,0,0.034831721,,,,,
12/22/1994,0,0.02488828,,,,,
12/23/1994,0,0.021754783,,,,,
12/24/1994,0,0.02178125,,,,,
12/25/1994,0,0.021929853,,,,,
12/26/1994,0,0.022094073,,,,,
12/27/1994,0,0.022258741,,,,,
12/28/1994,0,0.020795468,,,,,
12/29/1994,0,0.020102336,,,,,
12/30/1994,0,0.019953832,,,,,
12/31/1994,0,0.019805732,,,,,
1/1/1995,0,0.016750005,,,,,
1/2/1995,0,0.016250075,,,,,
1/3/1995,0,0.016130963,,,,,
1/4/1995,0,0.016012158,,,,,
1/5/1995,0,0.016258568,,,,,
1/6/1995,0,0.016784839,,,,,
1/7/1995,0,0.016909066,,,,,
1/8/1995,0,0.017033613,,,,,
1/9/1995,0,0.01715848,,,,,
1/10/1995,0,0.010688487,,,,,
1/11/1995,0,0.00913636,,,,,
1/12/1995,0,0.013617152,,,,,
1/13/1995,0,0.02205473,,,,,
1/14/1995,0.060788891,0.036482911,,,,,
1/15/1995,0.031072865,0.144496371,,,,,
1/16/1995,1.67E-05,0.096978376,,,,,
1/17/1995,0,0.056374327,,,,,
1/18/1995,0,0.042113691,,,,,
1/19/1995,0.118269642,0.036158044,,,,,
1/20/1995,0.080604506,0.195121326,,,,,
1/21/1995,0.046029854,0.142081184,,,,,
1/22/1995,0.018798718,0.085603929,,,,,
1/23/1995,0.000610765,0.059821501,,,,,
1/24/1995,0,0.044936647,,,,,
1/25/1995,0,0.034145642,,,,,
1/26/1995,0,0.027828474,,,,,
1/27/1995,0,0.024194015,,,,,
1/28/1995,0,0.022591566,,,,,
1/29/1995,0,0.028700348,,,,,
1/30/1995,0,0.032680391,,,,,
1/31/1995,0,0.033275408,,,,,
2/1/1995,0,0.033874097,,,,,
2/2/1995,0,0.03158614,,,,,
2/3/1995,0,0.027676508,,,,,
2/4/1995,0,0.026145605,,,,,
2/5/1995,0,0.024642965,,,,,
2/6/1995,0,0.016719118,,,,,
2/7/1995,0,0.012422134,,,,,
2/8/1995,0,0.011965645,,,,,
2/9/1995,0,0.011514356,,,,,
2/10/1995,0,0.011068279,,,,,
2/11/1995,0,0.010724542,,,,,
2/12/1995,0,0.010611917,,,,,
2/13/1995,0,0.010509005,,,,,
2/14/1995,0,0.010406383,,,,,
2/15/1995,0,0.01030405,,,,,
2/16/1995,0,0.008013168,,,,,
2/17/1995,0,0.006525886,,,,,
2/18/1995,0,0.006655237,,,,,
2/19/1995,0,0.00678532,,,,,
2/20/1995,0,0.006916135,,,,,
2/21/1995,0,0.006810831,,,,,
2/22/1995,0,0.006293355,,,,,
2/23/1995,0,0.005983533,,,,,
2/24/1995,0,0.005790957,,,,,
2/25/1995,0,0.005614508,,,,,
2/26/1995,0,0.006062959,,,,,
2/27/1995,0,0.011451213,,,,,
2/28/1995,0,0.011568976,,,,,
3/1/1995,0,0.011687069,,,,,
3/2/1995,0,0.011805493,,,,,
3/3/1995,0,0.011924248,,,,,
3/4/1995,0,0.011451883,,,,,
3/5/1995,0,0.009245114,,,,,
3/6/1995,0,0.00704406,,,,,
3/7/1995,0.804097075,0.006489624,,,,,
3/8/1995,0.45753551,0.628797829,,,,,
3/9/1995,0.131303785,0.292490441,,,,,
3/10/1995,0.116966868,0.097636584,,,,,
3/11/1995,0.110042859,0.054889297,,,,,
3/12/1995,0.069745807,0.04539176,,,,,
3/13/1995,0.057028532,0.038043752,,,,,
3/14/1995,0.047498228,0.038454446,,,,,
3/15/1995,0.042834426,0.028160602,,,,,
3/16/1995,0.046108146,0.026377719,,,,,
3/17/1995,0.051613018,0.020709642,,,,,
3/18/1995,0.049050898,0.02016599,,,,,
3/19/1995,0.046531432,0.019627627,,,,,
3/20/1995,0.044054752,0.018402814,,,,,
3/21/1995,0.04162099,0.01707878,,,,,
3/22/1995,0.039552217,0.015854026,,,,,
3/23/1995,0.026216261,0.014644757,,,,,
3/24/1995,0.005220671,0.0133681,,,,,
3/25/1995,0.002849352,0.013061871,,,,,
3/26/1995,0.014254202,0.013061871,,,,,
3/27/1995,0.014228572,0.013435032,,,,,
3/28/1995,0.000854841,0.01449366,,,,,
3/29/1995,0,0.014627097,,,,,
3/30/1995,0,0.014760939,,,,,
3/31/1995,0,0.014935623,,,,,
4/1/1995,0,0.015320292,,,,,
4/2/1995,0,0.015320292,,,,,
4/3/1995,0,0.015320292,,,,,
4/4/1995,0,0.014709785,,,,,
4/5/1995,0,0.012664313,,,,,
4/6/1995,0,0.012153122,,,,,
4/7/1995,0,0.011918484,,,,,
4/8/1995,0,0.011685137,,,,,
4/9/1995,0,0.011453085,,,,,
4/10/1995,0,0.011222327,,,,,
4/11/1995,0.032519929,0.010193826,,,,,
4/12/1995,0.09630753,0.009788022,,,,,
4/13/1995,0.066434271,0.009453925,,,,,
4/14/1995,0.039010364,0.009598163,,,,,
4/15/1995,0.016036045,0.009534976,,,,,
4/16/1995,0.014215158,0.009082199,,,,,
4/17/1995,0.034912865,0.011615188,,,,,
4/18/1995,0.123844525,0.042421321,,,,,
4/19/1995,0.092120227,0.079722344,,,,,
4/20/1995,0.487019156,0.053944269,,,,,
4/21/1995,0.585169716,0.181037035,,,,,
4/22/1995,0.256725859,0.169873834,,,,,
4/23/1995,0.265258942,0.049787074,,,,,
4/24/1995,0.201839386,0.031287031,,,,,
4/25/1995,0.103823754,0.030149646,,,,,
4/26/1995,0.092100566,0.037730391,,,,,
4/27/1995,0.084957947,0.034619889,,,,,
4/28/1995,0.078021296,0.026242375,,,,,
4/29/1995,0.068799242,0.014071504,,,,,
4/30/1995,0.058599406,0.013469303,,,,,
5/1/1995,0.056833305,0.012876575,,,,,
5/2/1995,0.053647917,0.015785181,,,,,
5/3/1995,0.048077066,0.014413965,,,,,
5/4/1995,0.042696907,0.014127138,,,,,
5/5/1995,0.037508626,0.013842198,,,,,
5/6/1995,0.032513438,0.012367037,,,,,
5/7/1995,0.023793435,0.012117506,,,,,
5/8/1995,0.017880971,0.012692922,,,,,
5/9/1995,0.015888305,0.013276696,,,,,
5/10/1995,0.013296637,0.017771403,,,,,
5/11/1995,0.01068576,0.017912118,,,,,
5/12/1995,0.012732013,0.019293508,,,,,
5/13/1995,0.028384758,0.020710344,,,,,
5/14/1995,0.027462748,0.03035493,,,,,
5/15/1995,0.041020107,0.028012405,,,,,
5/16/1995,0.406282336,0.027799209,,,,,
5/17/1995,1.18777699,0.04621127,,,,,
5/18/1995,2.264014554,0.266507363,,,,,
5/19/1995,1.899046885,0.836309301,,,,,
5/20/1995,0.761302008,0.431342613,,,,,
5/21/1995,0.585215115,0.132589258,,,,,
5/22/1995,0.468117865,0.076943011,,,,,
5/23/1995,0.353186551,0.054293836,,,,,
5/24/1995,0.30871753,0.045720977,,,,,
5/25/1995,0.248589814,0.069060487,,,,,
5/26/1995,0.217699705,0.050886733,,,,,
5/27/1995,0.434733506,0.054204665,,,,,
5/28/1995,1.420444041,0.162745233,,,,,
5/29/1995,0.466620111,0.537047438,,,,,
5/30/1995,0.472319297,0.179556668,,,,,
5/31/1995,0.426331779,0.103531061,,,,,
6/1/1995,0.38542891,0.091979022,,,,,
6/2/1995,0.251114762,0.075944895,,,,,
6/3/1995,0.215401418,0.055823974,,,,,
6/4/1995,0.182036705,0.04783202,,,,,
6/5/1995,0.15519539,0.043525183,,,,,
6/6/1995,0.131267535,0.043525183,,,,,
6/7/1995,0.10880063,0.0435403,,,,,
6/8/1995,0.128641499,0.046149418,,,,,
6/9/1995,0.160564833,0.050748519,,,,,
6/10/1995,0.141172399,0.055511811,,,,,
6/11/1995,0.100985931,0.046195278,,,,,
6/12/1995,0.070475591,0.032519439,,,,,
6/13/1995,0.04519258,0.031431964,,,,,
6/14/1995,0.041072849,0.032184084,,,,,
6/15/1995,0.038480732,0.031328945,,,,,
6/16/1995,0.035941827,0.031629642,,,,,
6/17/1995,0.033456331,0.03193129,,,,,
6/18/1995,0.031024448,0.032332877,,,,,
6/19/1995,0.02864638,0.035212692,,,,,
6/20/1995,0.036269162,0.039260659,,,,,
6/21/1995,0.087808686,0.044437925,,,,,
6/22/1995,0.073679953,0.041137804,,,,,
6/23/1995,0.060546677,0.040275828,,,,,
6/24/1995,0.0521226,0.036998624,,,,,
6/25/1995,0.026672033,0.033820591,,,,,
6/26/1995,0.00812428,0.031371734,,,,,
6/27/1995,0,0.026318128,,,,,
6/28/1995,0,0.021385129,,,,,
6/29/1995,0,0.015994637,,,,,
6/30/1995,0,0.011732181,,,,,
7/1/1995,0,0.009866057,,,,,
7/2/1995,0,0.009679883,,,,,
7/3/1995,0,0.009494746,,,,,
7/4/1995,0,0.009310648,,,,,
7/5/1995,0,0.009655562,,,,,
7/6/1995,0,0.012995145,,,,,
7/7/1995,0,0.017093581,,,,,
7/8/1995,0,0.021565067,,,,,
7/9/1995,0,0.026403924,,,,,
7/10/1995,0,0.036572596,,,,,
7/11/1995,0,0.014676831,,,,,
7/12/1995,0,0.009197142,,,,,
7/13/1995,0,0.005150781,,,,,
7/14/1995,0,0.004157804,,,,,
7/15/1995,0,0.003839457,,,,,
7/16/1995,0,0.003525595,,,,,
7/17/1995,0,0.002871659,,,,,
7/18/1995,0,0.00088225,,,,,
7/19/1995,0,0,,,,,
7/20/1995,0,0,,,,,
7/21/1995,0,0,,,,,
7/22/1995,0,0,,,,,
7/23/1995,0,0.010823213,,,,,
7/24/1995,0,0.022924629,,,,,
7/25/1995,0,0.025690245,,,,,
7/26/1995,0,0.007141116,,,,,
7/27/1995,0,0.003833108,,,,,
7/28/1995,0,0.003257621,,,,,
7/29/1995,0,0.002709559,,,,,
7/30/1995,0,0.002176861,,,,,
7/31/1995,0,0.001659586,,,,,
8/1/1995,0,0.00108183,,,,,
8/2/1995,0,0.00030428,,,,,
8/3/1995,0,0,,,,,
8/4/1995,0,0.000333323,,,,,
8/5/1995,0,0.001129446,,,,,
8/6/1995,0,0.002085283,,,,,
8/7/1995,0,0.003101351,,,,,
8/8/1995,0,0.004841131,,,,,
8/9/1995,0,0.010846769,,,,,
8/10/1995,0,0.023067054,,,,,
8/11/1995,0,0.006740428,,,,,
8/12/1995,0,0.00301183,,,,,
8/13/1995,0,0.00109519,,,,,
8/14/1995,0,5.35E-05,,,,,
8/15/1995,0,0,,,,,
8/16/1995,0,0,,,,,
8/17/1995,0,0,,,,,
8/18/1995,0,0,,,,,
8/19/1995,0,0,,,,,
8/20/1995,0,0,,,,,
8/21/1995,0,0,,,,,
8/22/1995,0,0,,,,,
8/23/1995,0,0,,,,,
8/24/1995,0,0,,,,,
8/25/1995,0,0,,,,,
8/26/1995,0,0,,,,,
8/27/1995,0,0,,,,,
8/28/1995,0,0,,,,,
8/29/1995,0,0,,,,,
8/30/1995,0,0,,,,,
8/31/1995,0,0,,,,,
9/1/1995,0,0,,,,,
9/2/1995,0,0,,,,,
9/3/1995,0,0,,,,,
9/4/1995,0,0,,,,,
9/5/1995,0,0,,,,,
9/6/1995,0,0,,,,,
9/7/1995,0,0,,,,,
9/8/1995,0,0,,,,,
9/9/1995,0,0,,,,,
9/10/1995,0,0,,,,,
9/11/1995,0,0,,,,,
9/12/1995,0,0,,,,,
9/13/1995,0,0,,,,,
9/14/1995,0,0,,,,,
9/15/1995,0,0,,,,,
9/16/1995,0,0,,,,,
9/17/1995,0,0,,,,,
9/18/1995,0,0,,,,,
9/19/1995,0,0,,,,,
9/20/1995,0,0,,,,,
9/21/1995,0,0,,,,,
9/22/1995,0,0,,,,,
9/23/1995,0,0,,,,,
9/24/1995,0,0,,,,,
9/25/1995,0,0,,,,,
9/26/1995,0,0,,,,,
9/27/1995,0,0,,,,,
9/28/1995,0,0,,,,,
9/29/1995,0,0,,,,,
9/30/1995,0,0,,,,,
10/1/1995,0,0,,,,,
10/2/1995,0,0,,,,,
10/3/1995,0,0,,,,,
10/4/1995,0,0.000163605,,,,,
10/5/1995,0,0,,,,,
10/6/1995,0,0,,,,,
10/7/1995,0,0,,,,,
10/8/1995,0,0,,,,,
10/9/1995,0,0,,,,,
10/10/1995,0,0,,,,,
10/11/1995,0,0,,,,,
10/12/1995,0,0,,,,,
10/13/1995,0,0,,,,,
10/14/1995,0,0,,,,,
10/15/1995,0,0,,,,,
10/16/1995,0,0,,,,,
10/17/1995,0,0,,,,,
10/18/1995,0,0,,,,,
10/19/1995,0,0,,,,,
10/20/1995,0,0,,,,,
10/21/1995,0,0.000865996,,,,,
10/22/1995,0,0.000923963,,,,,
10/23/1995,0,0.000779542,,,,,
10/24/1995,0,0.000636946,,,,,
10/25/1995,0,0.000496179,,,,,
10/26/1995,0,0.000357244,,,,,
10/27/1995,0,0.000220142,,,,,
10/28/1995,0,8.49E-05,,,,,
10/29/1995,0,8.85E-06,,,,,
10/30/1995,0,0,,,,,
10/31/1995,0,0,,,,,
11/1/1995,0,0,,,,,
11/2/1995,0,0.001851154,,,,,
11/3/1995,0,0.00271892,,,,,
11/4/1995,0,0.000795321,,,,,
11/5/1995,0,0.000603596,,,,,
11/6/1995,0,0.000603596,,,,,
11/7/1995,0,0.005692377,,,,,
11/8/1995,0,0.007366764,,,,,
11/9/1995,0,0.003524157,,,,,
11/10/1995,0,0.003209615,,,,,
11/11/1995,0,0.003801263,,,,,
11/12/1995,0,0.024240027,,,,,
11/13/1995,0,0.011399355,,,,,
11/14/1995,0,0.007788931,,,,,
11/15/1995,0,0.006370083,,,,,
11/16/1995,0,0.005436836,,,,,
11/17/1995,0,0.005192806,,,,,
11/18/1995,0,0.004953047,,,,,
11/19/1995,0,0.004715474,,,,,
11/20/1995,0,0.004480092,,,,,
11/21/1995,0,0.004246902,,,,,
11/22/1995,0,0.004015908,,,,,
11/23/1995,0,0.003787112,,,,,
11/24/1995,0,0.003560518,,,,,
11/25/1995,0,0.003336129,,,,,
11/26/1995,0,0.003113947,,,,,
11/27/1995,0,0.002893976,,,,,
11/28/1995,0,0.002579118,,,,,
11/29/1995,0,0.002316989,,,,,
11/30/1995,0,0.002260978,,,,,
12/1/1995,0,0.002205135,,,,,
12/2/1995,0,0.00214946,,,,,
12/3/1995,0,0.002093953,,,,,
12/4/1995,0,0.002038614,,,,,
12/5/1995,0,0.001983444,,,,,
12/6/1995,0,0.001928441,,,,,
12/7/1995,0,0.001873607,,,,,
12/8/1995,0,0.001818941,,,,,
12/9/1995,0,0.001764443,,,,,
12/10/1995,0,0.001710114,,,,,
12/11/1995,0,0.001655953,,,,,
12/12/1995,0,0.001601961,,,,,
12/13/1995,0,0.001548137,,,,,
12/14/1995,0,0.001494483,,,,,
12/15/1995,0,0.001440997,,,,,
12/16/1995,0,0.001387679,,,,,
12/17/1995,0,0.001334531,,,,,
12/18/1995,0,0.001281552,,,,,
12/19/1995,0,0.00278248,,,,,
12/20/1995,0,0.017436588,,,,,
12/21/1995,0,0.008540789,,,,,
12/22/1995,0,0.005689512,,,,,
12/23/1995,0,0.004463898,,,,,
12/24/1995,0,0.004197494,,,,,
12/25/1995,0,0.003935379,,,,,
12/26/1995,0,0.003676429,,,,,
12/27/1995,0,0.00342065,,,,,
12/28/1995,0,0.003168049,,,,,
12/29/1995,0,0.002918631,,,,,
12/30/1995,0,0.0026724,,,,,
12/31/1995,0,0.002429364,,,,,
1/1/1996,0,0.002189527,,,,,
1/2/1996,0,0.001982953,,,,,
1/3/1996,0,0.003533037,,,,,
1/4/1996,0,0.004001067,,,,,
1/5/1996,0,0.003795731,,,,,
1/6/1996,0,0.003592371,,,,,
1/7/1996,0,0.003390988,,,,,
1/8/1996,0,0.003191586,,,,,
1/9/1996,0,0.002994168,,,,,
1/10/1996,0,0.002798735,,,,,
1/11/1996,0,0.002267207,,,,,
1/12/1996,0,0.001986143,,,,,
1/13/1996,0,0.00210624,,,,,
1/14/1996,0,0.002227165,,,,,
1/15/1996,0,0.002348919,,,,,
1/16/1996,0.364859083,0.0024715,,,,,
1/17/1996,0.30097083,0.009743542,,,,,
1/18/1996,0.113247385,0.165372258,,,,,
1/19/1996,0.127423616,0.151809353,,,,,
1/20/1996,0.051892172,0.176290933,,,,,
1/21/1996,0.042690894,0.073343098,,,,,
1/22/1996,0.034109047,0.040185913,,,,,
1/23/1996,0.121648752,0.034002389,,,,,
1/24/1996,0.215583004,0.130374181,,,,,
1/25/1996,0.160597083,0.206142455,,,,,
1/26/1996,0.128961001,0.098956365,,,,,
1/27/1996,0.105166938,0.077398311,,,,,
1/28/1996,0.104472438,0.078194787,,,,,
1/29/1996,0.081233902,0.06154428,,,,,
1/30/1996,0.051004249,0.040591558,,,,,
1/31/1996,0.032625849,0.028184551,,,,,
2/1/1996,0.017494989,0.022456429,,,,,
2/2/1996,0.004631288,0.018970534,,,,,
2/3/1996,0,0.016503138,,,,,
2/4/1996,0,0.015910018,,,,,
2/5/1996,0,0.015437526,,,,,
2/6/1996,0.00105605,0.014213539,,,,,
2/7/1996,0.011543508,0.010730636,,,,,
2/8/1996,0.005817057,0.011149253,,,,,
2/9/1996,3.42E-05,0.011201725,,,,,
2/10/1996,0.000357651,0.011201725,,,,,
2/11/1996,0,0.007217162,,,,,
2/12/1996,0,0.002826269,,,,,
2/13/1996,0.000519386,0.002720895,,,,,
2/14/1996,0,0.002712801,,,,,
2/15/1996,0,0.002776566,,,,,
2/16/1996,0,0.002460502,,,,,
2/17/1996,0,0.001718421,,,,,
2/18/1996,0,0.001674332,,,,,
2/19/1996,0,0.001674332,,,,,
2/20/1996,0,0.001674332,,,,,
2/21/1996,0,0.001674332,,,,,
2/22/1996,0,0.001674332,,,,,
2/23/1996,0,0.001534849,,,,,
2/24/1996,0,0.001640807,,,,,
2/25/1996,0,0.001712413,,,,,
2/26/1996,0.003874808,0.001747658,,,,,
2/27/1996,0.289804066,0.071731507,,,,,
2/28/1996,0.293834129,0.445590732,,,,,
2/29/1996,0.21845333,0.204340611,,,,,
3/1/1996,0.151908894,0.128524914,,,,,
3/2/1996,0.096593428,0.100273936,,,,,
3/3/1996,0.081522196,0.071080316,,,,,
3/4/1996,0.077293558,0.054120919,,,,,
3/5/1996,0.345941048,0.056179551,,,,,
3/6/1996,0.401268092,0.305536843,,,,,
3/7/1996,0.255875394,0.246270163,,,,,
3/8/1996,0.168543463,0.145700523,,,,,
3/9/1996,0.105889394,0.091095919,,,,,
3/10/1996,0.092032542,0.065920677,,,,,
3/11/1996,0.084617851,0.059134853,,,,,
3/12/1996,0.077413192,0.054735787,,,,,
3/13/1996,0.070384454,0.051733913,,,,,
3/14/1996,0.063544132,0.04897436,,,,,
3/15/1996,0.056893089,0.04626925,,,,,
3/16/1996,0.050432201,0.043624349,,,,,
3/17/1996,0.044162356,0.041808903,,,,,
3/18/1996,0.038084457,0.040550006,,,,,
3/19/1996,0.023330831,0.039304318,,,,,
3/20/1996,0.002526508,0.038071863,,,,,
3/21/1996,0,0.036852668,,,,,
3/22/1996,0.004485082,0.036116872,,,,,
3/23/1996,0.092435231,0.038972523,,,,,
3/24/1996,0.159495769,0.10405283,,,,,
3/25/1996,0.185989304,0.34144936,,,,,
3/26/1996,0.144401805,0.450540635,,,,,
3/27/1996,0.127237365,0.189566465,,,,,
3/28/1996,0.124962175,0.12561973,,,,,
3/29/1996,0.104781987,0.10284725,,,,,
3/30/1996,0.085746802,0.084521427,,,,,
3/31/1996,0.649237569,0.076845233,,,,,
4/1/1996,0.852115034,0.550400795,,,,,
4/2/1996,0.610835171,0.425487234,,,,,
4/3/1996,0.46696494,0.252906916,,,,,
4/4/1996,0.339372745,0.182328111,,,,,
4/5/1996,0.274019522,0.114154249,,,,,
4/6/1996,0.214232393,0.063039274,,,,,
4/7/1996,0.159327311,0.058608883,,,,,
4/8/1996,0.133367728,0.048905634,,,,,
4/9/1996,0.115491639,0.045191372,,,,,
4/10/1996,0.09847634,0.045919971,,,,,
4/11/1996,0.079708108,0.046652842,,,,,
4/12/1996,0.062897067,0.04641635,,,,,
4/13/1996,0.049405869,0.042010789,,,,,
4/14/1996,0.03508183,0.037287982,,,,,
4/15/1996,0.039061822,0.037105817,,,,,
4/16/1996,0.044949869,0.037929069,,,,,
4/17/1996,0.051021938,0.032782181,,,,,
4/18/1996,0.052723786,0.032719405,,,,,
4/19/1996,0.019250493,0.034354864,,,,,
4/20/1996,0,0.034746025,,,,,
4/21/1996,0.005133013,0.033058668,,,,,
4/22/1996,0.696350163,0.028730113,,,,,
4/23/1996,1.027484429,0.389150867,,,,,
4/24/1996,0.615325022,0.444921398,,,,,
4/25/1996,0.460065356,0.215811821,,,,,
4/26/1996,0.29058774,0.135100526,,,,,
4/27/1996,0.204473641,0.077485974,,,,,
4/28/1996,0.556377848,0.059454578,,,,,
4/29/1996,2.44390314,0.13678335,,,,,
4/30/1996,1.154369911,0.639666327,,,,,
5/1/1996,0.835605103,0.284627977,,,,,
5/2/1996,0.65930518,0.182379956,,,,,
5/3/1996,0.464255017,0.159444951,,,,,
5/4/1996,1.071184618,0.553000227,,,,,
5/5/1996,0.937525546,0.987793973,,,,,
5/6/1996,0.774745603,0.592493089,,,,,
5/7/1996,0.484611262,0.414322213,,,,,
5/8/1996,1.524496663,0.323818635,,,,,
5/9/1996,1.475596177,0.826038294,,,,,
5/10/1996,0.894421935,0.571234299,,,,,
5/11/1996,1.252095759,0.823198831,,,,,
5/12/1996,0.79073601,0.440360132,,,,,
5/13/1996,0.56220764,0.222943618,,,,,
5/14/1996,0.49227148,0.156417808,,,,,
5/15/1996,0.41286151,0.126553675,,,,,
5/16/1996,0.410642878,0.115255421,,,,,
5/17/1996,0.39058946,0.103094702,,,,,
5/18/1996,0.368738328,0.09575651,,,,,
5/19/1996,0.29286414,0.082771624,,,,,
5/20/1996,0.238259744,0.070403293,,,,,
5/21/1996,0.236859647,0.057793043,,,,,
5/22/1996,0.185290898,0.0491922,,,,,
5/23/1996,0.158625698,0.044595704,,,,,
5/24/1996,0.484370019,0.040172612,,,,,
5/25/1996,0.472273706,0.062903538,,,,,
5/26/1996,0.876370551,0.080616874,,,,,
5/27/1996,0.920891797,0.454782962,,,,,
5/28/1996,1.018520933,0.444773602,,,,,
5/29/1996,0.923301148,0.359455329,,,,,
5/30/1996,0.529736741,0.658789248,,,,,
5/31/1996,0.347771975,0.359173871,,,,,
6/1/1996,0.294615271,0.132453375,,,,,
6/2/1996,0.258015645,0.109761893,,,,,
6/3/1996,0.212065938,0.089252539,,,,,
6/4/1996,0.183578171,0.076023435,,,,,
6/5/1996,0.158543685,0.077562519,,,,,
6/6/1996,0.169835413,0.080453524,,,,,
6/7/1996,0.16221351,0.089363195,,,,,
6/8/1996,0.142999457,0.090742038,,,,,
6/9/1996,0.124667775,0.082387515,,,,,
6/10/1996,0.111027512,0.074362278,,,,,
6/11/1996,0.141707595,0.076531376,,,,,
6/12/1996,0.148466535,0.111167032,,,,,
6/13/1996,0.153718302,0.102081358,,,,,
6/14/1996,0.139877831,0.086330688,,,,,
6/15/1996,0.129593038,0.058458679,,,,,
6/16/1996,0.119594718,0.040693438,,,,,
6/17/1996,0.120618739,0.035841759,,,,,
6/18/1996,0.735826558,0.050794187,,,,,
6/19/1996,0.442183189,0.176851661,,,,,
6/20/1996,0.274341845,0.116488687,,,,,
6/21/1996,0.166561966,0.091881881,,,,,
6/22/1996,0.148077641,0.068122666,,,,,
6/23/1996,0.133623555,0.050158984,,,,,
6/24/1996,0.118788714,0.042402763,,,,,
6/25/1996,0.103373378,0.032136862,,,,,
6/26/1996,0.089018691,0.027047792,,,,,
6/27/1996,0.075390247,0.026639794,,,,,
6/28/1996,0.062495109,0.026639794,,,,,
6/29/1996,0.050340675,0.026639794,,,,,
6/30/1996,0.038934664,0.026639794,,,,,
7/1/1996,0.028285086,0.026639794,,,,,
7/2/1996,0.018400225,0.026435189,,,,,
7/3/1996,0.009288613,0.025223482,,,,,
7/4/1996,0.0024636,0.023894835,,,,,
7/5/1996,0,0.022590577,,,,,
7/6/1996,0,0.017203309,,,,,
7/7/1996,0,0.014248244,,,,,
7/8/1996,0,0.01348473,,,,,
7/9/1996,0,0.012218175,,,,,
7/10/1996,0,0.012296403,,,,,
7/11/1996,0,0.012374784,,,,,
7/12/1996,0,0.012453318,,,,,
7/13/1996,0,0.012532005,,,,,
7/14/1996,0.001205976,0.012610845,,,,,
7/15/1996,0,0.01138633,,,,,
7/16/1996,0,0.007458845,,,,,
7/17/1996,0,0.008990757,,,,,
7/18/1996,0,0.0111378,,,,,
7/19/1996,0,0.013414018,,,,,
7/20/1996,0,0.015818139,,,,,
7/21/1996,0.11796029,0.018348946,,,,,
7/22/1996,0.191777972,0.048503027,,,,,
7/23/1996,0.096441088,0.02812616,,,,,
7/24/1996,0.025336193,0.034275776,,,,,
7/25/1996,0,0.031324216,,,,,
7/26/1996,0,0.018547502,,,,,
7/27/1996,0,0.013229128,,,,,
7/28/1996,0.004242112,0.008736961,,,,,
7/29/1996,0.268124661,0.011959671,,,,,
7/30/1996,0.31306121,0.016773466,,,,,
7/31/1996,0.294081441,0.012516135,,,,,
8/1/1996,0.226816517,0.012401728,,,,,
8/2/1996,0.052544408,0.012287625,,,,,
8/3/1996,0,0.012173826,,,,,
8/4/1996,0,0.011805489,,,,,
8/5/1996,0,0.007018312,,,,,
8/6/1996,0,0.007018312,,,,,
8/7/1996,0,0.007018312,,,,,
8/8/1996,0,0.007018312,,,,,
8/9/1996,0,0.007018312,,,,,
8/10/1996,0,0.007018312,,,,,
8/11/1996,0,0.007018312,,,,,
8/12/1996,0,0.007018312,,,,,
8/13/1996,0,0.007018312,,,,,
8/14/1996,0,0.007180044,,,,,
8/15/1996,0,0.004798626,,,,,
8/16/1996,0,0.00283517,,,,,
8/17/1996,0,0.004312995,,,,,
8/18/1996,0,0.00634632,,,,,
8/19/1996,0,0.008703297,,,,,
8/20/1996,0,0.004374584,,,,,
8/21/1996,0,0.002390762,,,,,
8/22/1996,0,0.00128232,,,,,
8/23/1996,0,0.000370192,,,,,
8/24/1996,0,0,,,,,
8/25/1996,0,0,,,,,
8/26/1996,0,0,,,,,
8/27/1996,0,0,,,,,
8/28/1996,0,0,,,,,
8/29/1996,0,0,,,,,
8/30/1996,0,0,,,,,
8/31/1996,0,0,,,,,
9/1/1996,0,0,,,,,
9/2/1996,0,0,,,,,
9/3/1996,0,0,,,,,
9/4/1996,0,0,,,,,
9/5/1996,0,0,,,,,
9/6/1996,0,0,,,,,
9/7/1996,0,0,,,,,
9/8/1996,0,0,,,,,
9/9/1996,0,0,,,,,
9/10/1996,0,0,,,,,
9/11/1996,0,0,,,,,
9/12/1996,0,0,,,,,
9/13/1996,0,0,,,,,
9/14/1996,0,0,,,,,
9/15/1996,0,0,,,,,
9/16/1996,0,0,,,,,
9/17/1996,0,0,,,,,
9/18/1996,0,0,,,,,
9/19/1996,0,0,,,,,
9/20/1996,0,0,,,,,
9/21/1996,0,0,,,,,
9/22/1996,0,0,,,,,
9/23/1996,0,0,,,,,
9/24/1996,0,0,,,,,
9/25/1996,0,0,,,,,
9/26/1996,0,0,,,,,
9/27/1996,0,0,,,,,
9/28/1996,0,0,,,,,
9/29/1996,0,0,,,,,
9/30/1996,0,0,,,,,
10/1/1996,0,0,,,,,
10/2/1996,0,0,,,,,
10/3/1996,0,0,,,,,
10/4/1996,0,0,,,,,
10/5/1996,0,0,,,,,
10/6/1996,0,0,,,,,
10/7/1996,0,0,,,,,
10/8/1996,0,0,,,,,
10/9/1996,0,0,,,,,
10/10/1996,0,0,,,,,
10/11/1996,0,0,,,,,
10/12/1996,0,0,,,,,
10/13/1996,0,0,,,,,
10/14/1996,0,0,,,,,
10/15/1996,0,8.59E-05,,,,,
10/16/1996,0,0.001140006,,,,,
10/17/1996,0,0.003157586,,,,,
10/18/1996,0,0.00550709,,,,,
10/19/1996,0,0.001340346,,,,,
10/20/1996,0,0,,,,,
10/21/1996,0,0.000125841,,,,,
10/22/1996,0,0.000457662,,,,,
10/23/1996,0,0.000873548,,,,,
10/24/1996,0,0.001297269,,,,,
10/25/1996,0,0.00172881,,,,,
10/26/1996,0,0.002168153,,,,,
10/27/1996,0,0.002615281,,,,,
10/28/1996,0,0.003070176,,,,,
10/29/1996,0,0.003532822,,,,,
10/30/1996,0,0.004003203,,,,,
10/31/1996,0,0.0044813,,,,,
11/1/1996,0,0.004967098,,,,,
11/2/1996,0,0.005460579,,,,,
11/3/1996,0,0.005961727,,,,,
11/4/1996,0,0.006470525,,,,,
11/5/1996,0,0.006986958,,,,,
11/6/1996,0,0.007511009,,,,,
11/7/1996,0,0.008042661,,,,,
11/8/1996,0,0.00788068,,,,,
11/9/1996,0,0.003164487,,,,,
11/10/1996,0,0.002259473,,,,,
11/11/1996,0,0.002021669,,,,,
11/12/1996,0,0.001786023,,,,,
11/13/1996,0,0.001714001,,,,,
11/14/1996,0,0.001584139,,,,,
11/15/1996,0,0.001309375,,,,,
11/16/1996,0,0.001075267,,,,,
11/17/1996,0,0.001825348,,,,,
11/18/1996,0,0.003035729,,,,,
11/19/1996,0,0.004293052,,,,,
11/20/1996,0,0.005597091,,,,,
11/21/1996,0,0.006947625,,,,,
11/22/1996,0,0.008344433,,,,,
11/23/1996,0,0.0097873,,,,,
11/24/1996,0,0.011276009,,,,,
11/25/1996,0,0.012810349,,,,,
11/26/1996,0,0.045764732,,,,,
11/27/1996,0,0.069767648,,,,,
11/28/1996,0,0.051513816,,,,,
11/29/1996,0,0.035389744,,,,,
11/30/1996,0,0.021451125,,,,,
12/1/1996,0,0.030303515,,,,,
12/2/1996,0,0.050144051,,,,,
12/3/1996,0,0.022881097,,,,,
12/4/1996,0,0.011719452,,,,,
12/5/1996,0,0.011544661,,,,,
12/6/1996,0,0.011370566,,,,,
12/7/1996,0,0.011197167,,,,,
12/8/1996,0,0.011024464,,,,,
12/9/1996,0,0.010852458,,,,,
12/10/1996,0,0.01068115,,,,,
12/11/1996,0,0.014751838,,,,,
12/12/1996,0,0.019462796,,,,,
12/13/1996,0,0.012630027,,,,,
12/14/1996,0,0.007120909,,,,,
12/15/1996,0,0.008284627,,,,,
12/16/1996,0,0.010252049,,,,,
12/17/1996,0,0.01231725,,,,,
12/18/1996,0,0.014471417,,,,,
12/19/1996,0,0.016720959,,,,,
12/20/1996,0.000673019,0.019056776,,,,,
12/21/1996,0.004860305,0.021486143,,,,,
12/22/1996,0.012256566,0.024008416,,,,,
12/23/1996,0.201735371,0.026622973,,,,,
12/24/1996,0.448743672,0.147303795,,,,,
12/25/1996,0.457168208,0.15157314,,,,,
12/26/1996,0.457185909,0.100399586,,,,,
12/27/1996,0.45720361,0.061991437,,,,,
12/28/1996,0.457221312,0.036682205,,,,,
12/29/1996,0.457239013,0.029603144,,,,,
12/30/1996,0.448955077,0.024359127,,,,,
12/31/1996,0.386175904,0.020309968,,,,,
1/1/1997,0.317695519,0.021152103,,,,,
1/2/1997,0.25494179,0.02272249,,,,,
1/3/1997,0.197954555,0.02432843,,,,,
1/4/1997,0.146812165,0.025969782,,,,,
1/5/1997,0.101629233,0.032467272,,,,,
1/6/1997,0.062553466,0.046779363,,,,,
1/7/1997,0.030722179,0.035578559,,,,,
1/8/1997,0.01359047,0.026856993,,,,,
1/9/1997,0.00322896,0.024702179,,,,,
1/10/1997,0,0.023032621,,,,,
1/11/1997,0,0.021400544,,,,,
1/12/1997,0,0.019806103,,,,,
1/13/1997,0,0.018249453,,,,,
1/14/1997,0,0.016730756,,,,,
1/15/1997,0,0.015437455,,,,,
1/16/1997,0,0.015261629,,,,,
1/17/1997,0,0.015261629,,,,,
1/18/1997,0,0.015261629,,,,,
1/19/1997,0,0.015261629,,,,,
1/20/1997,0,0.015261629,,,,,
1/21/1997,0.033737833,0.015261629,,,,,
1/22/1997,0.27943934,0.015693398,,,,,
1/23/1997,0.047461589,0.033457421,,,,,
1/24/1997,0.042045225,0.026649294,,,,,
1/25/1997,0.205157768,0.067403249,,,,,
1/26/1997,0.18128981,0.090799106,,,,,
1/27/1997,0.15858956,0.078089308,,,,,
1/28/1997,0.137067197,0.066162487,,,,,
1/29/1997,0.116734309,0.055026141,,,,,
1/30/1997,0.097603827,0.044507923,,,,,
1/31/1997,0.079689949,0.043369336,,,,,
2/1/1997,0.054384567,0.053700181,,,,,
2/2/1997,0.123584263,0.065293263,,,,,
2/3/1997,0.172740347,0.070019792,,,,,
2/4/1997,0.561453285,0.077763418,,,,,
2/5/1997,0.355297291,0.183909235,,,,,
2/6/1997,0.287730506,0.108819139,,,,,
2/7/1997,0.227771398,0.069671247,,,,,
2/8/1997,0.17757286,0.058335521,,,,,
2/9/1997,0.134549302,0.051167019,,,,,
2/10/1997,0.127352763,0.044728685,,,,,
2/11/1997,0.120038903,0.041423284,,,,,
2/12/1997,0.106929529,0.03876115,,,,,
2/13/1997,0.098554102,0.036162518,,,,,
2/14/1997,0.090425972,0.033627679,,,,,
2/15/1997,0.082546546,0.031156933,,,,,
2/16/1997,0.074917292,0.028750588,,,,,
2/17/1997,0.067539734,0.026413757,,,,,
2/18/1997,0.062284242,0.025051422,,,,,
2/19/1997,0.068492144,0.031593228,,,,,
2/20/1997,0.161801078,0.063525192,,,,,
2/21/1997,1.126051076,0.199920128,,,,,
2/22/1997,0.693117132,0.478749766,,,,,
2/23/1997,0.464554323,0.525738746,,,,,
2/24/1997,0.38813351,0.293833097,,,,,
2/25/1997,0.324175501,0.124512651,,,,,
2/26/1997,0.908201336,0.114149691,,,,,
2/27/1997,1.825337606,0.206027171,,,,,
2/28/1997,0.716344355,0.245728854,,,,,
3/1/1997,0.449477105,0.196790414,,,,,
3/2/1997,0.366110709,0.151609375,,,,,
3/3/1997,0.323864577,0.121393832,,,,,
3/4/1997,0.225812791,0.08167053,,,,,
3/5/1997,0.161415955,0.067567414,,,,,
3/6/1997,0.141823223,0.066020976,,,,,
3/7/1997,0.123282466,0.064735585,,,,,
3/8/1997,0.119073708,0.063936279,,,,,
3/9/1997,0.230847855,0.063140902,,,,,
3/10/1997,0.293389837,0.108020701,,,,,
3/11/1997,0.255826223,0.10474465,,,,,
3/12/1997,0.205825566,0.070707026,,,,,
3/13/1997,0.317618283,0.063484891,,,,,
3/14/1997,0.809311333,0.086863399,,,,,
3/15/1997,0.419609346,0.072199387,,,,,
3/16/1997,0.367634006,0.13495713,,,,,
3/17/1997,0.346118397,0.086660099,,,,,
3/18/1997,0.283358698,0.079340384,,,,,
3/19/1997,0.227187003,0.092900864,,,,,
3/20/1997,0.197597992,0.086811373,,,,,
3/21/1997,0.175352865,0.080890335,,,,,
3/22/1997,0.154158173,0.062593537,,,,,
3/23/1997,0.134022724,0.053985081,,,,,
3/24/1997,0.114956508,0.047134089,,,,,
3/25/1997,0.094008045,0.040642194,,,,,
3/26/1997,0.053520338,0.034512996,,,,,
3/27/1997,0,0.028569526,,,,,
3/28/1997,0,0.026623745,,,,,
3/29/1997,0,0.06590002,,,,,
3/30/1997,0,0.156189254,,,,,
3/31/1997,0,0.106650112,,,,,
4/1/1997,0,0.088282394,,,,,
4/2/1997,0,0.071330413,,,,,
4/3/1997,0,0.056382617,,,,,
4/4/1997,0,0.055385438,,,,,
4/5/1997,0,0.059845525,,,,,
4/6/1997,0,0.050961958,,,,,
4/7/1997,0,0.041623565,,,,,
4/8/1997,0,0.038592813,,,,,
4/9/1997,0,0.028439413,,,,,
4/10/1997,0,0.02602335,,,,,
4/11/1997,0,0.024948508,,,,,
4/12/1997,0,0.023889608,,,,,
4/13/1997,0,0.022846694,,,,,
4/14/1997,0,0.021819813,,,,,
4/15/1997,0.000165769,0.020809011,,,,,
4/16/1997,0,0.020080792,,,,,
4/17/1997,0,0.019347473,,,,,
4/18/1997,0,0.018488578,,,,,
4/19/1997,0,0.017642298,,,,,
4/20/1997,0,0.016808668,,,,,
4/21/1997,0,0.01598772,,,,,
4/22/1997,0,0.015179491,,,,,
4/23/1997,0,0.014283657,,,,,
4/24/1997,0,0.013806072,,,,,
4/25/1997,0,0.013502805,,,,,
4/26/1997,0,0.013201506,,,,,
4/27/1997,0,0.012703361,,,,,
4/28/1997,0,0.011011,,,,,
4/29/1997,0,0.010483508,,,,,
4/30/1997,0,0.009963254,,,,,
5/1/1997,0,0.009450255,,,,,
5/2/1997,0,0.008944528,,,,,
5/3/1997,0,0.008446089,,,,,
5/4/1997,0,0.008369427,,,,,
5/5/1997,0,0.008585508,,,,,
5/6/1997,0,0.008585508,,,,,
5/7/1997,0,0.007557401,,,,,
5/8/1997,0,0.00673917,,,,,
5/9/1997,0,0.006655565,,,,,
5/10/1997,0,0.006572157,,,,,
5/11/1997,0,0.006488945,,,,,
5/12/1997,0,0.006405929,,,,,
5/13/1997,0,0.00632311,,,,,
5/14/1997,0,0.006240488,,,,,
5/15/1997,0,0.006087885,,,,,
5/16/1997,0,0.005683948,,,,,
5/17/1997,0,0.005261958,,,,,
5/18/1997,0,0.00484537,,,,,
5/19/1997,0,0.004434191,,,,,
5/20/1997,0,0.004028433,,,,,
5/21/1997,0,0.004177828,,,,,
5/22/1997,0,0.004513247,,,,,
5/23/1997,0,0.004513247,,,,,
5/24/1997,0,0.004513247,,,,,
5/25/1997,0.392061548,0.004513247,,,,,
5/26/1997,1.681688311,0.026725887,,,,,
5/27/1997,1.375467682,0.089408388,,,,,
5/28/1997,0.728783546,0.095424824,,,,,
5/29/1997,0.563595306,0.054623488,,,,,
5/30/1997,0.613854829,0.072481496,,,,,
5/31/1997,0.63965374,0.066970672,,,,,
6/1/1997,0.735069745,0.107076693,,,,,
6/2/1997,0.651158847,0.085556545,,,,,
6/3/1997,0.455801405,0.086857942,,,,,
6/4/1997,0.400873199,0.069923779,,,,,
6/5/1997,0.341150784,0.052251084,,,,,
6/6/1997,0.287908065,0.034598873,,,,,
6/7/1997,0.243932801,0.027913232,,,,,
6/8/1997,0.202955007,0.025157275,,,,,
6/9/1997,0.198013808,0.022584978,,,,,
6/10/1997,0.192702038,0.014755145,,,,,
6/11/1997,0.181463932,0.013010947,,,,,
6/12/1997,0.170486586,0.013343234,,,,,
6/13/1997,0.148250916,0.013677946,,,,,
6/14/1997,0.128102891,0.013673237,,,,,
6/15/1997,0.11774171,0.011123993,,,,,
6/16/1997,0.107412894,0.009850228,,,,,
6/17/1997,0.095874466,0.00914226,,,,,
6/18/1997,0.084507544,0.008447671,,,,,
6/19/1997,0.073632626,0.007766501,,,,,
6/20/1997,0.063253814,0.004980694,,,,,
6/21/1997,0.05337539,0.003375645,,,,,
6/22/1997,0.033237395,0.003375645,,,,,
6/23/1997,0.029116745,0.003375645,,,,,
6/24/1997,0.042532966,0.007715006,,,,,
6/25/1997,0.032464832,0.008877095,,,,,
6/26/1997,0.000225553,0.008952631,,,,,
6/27/1997,0,0.00902831,,,,,
6/28/1997,0,0.009104131,,,,,
6/29/1997,0,0.009180094,,,,,
6/30/1997,0,0.009256199,,,,,
7/1/1997,0,0.009332446,,,,,
7/2/1997,0,0.009408835,,,,,
7/3/1997,0,0.009472932,,,,,
7/4/1997,0,0.009480028,,,,,
7/5/1997,0,0.009480028,,,,,
7/6/1997,0,0.009480028,,,,,
7/7/1997,0,0.010453617,,,,,
7/8/1997,0,0.006979492,,,,,
7/9/1997,0,0.003644443,,,,,
7/10/1997,0,0.004993674,,,,,
7/11/1997,0,0.002075455,,,,,
7/12/1997,0,0.000985906,,,,,
7/13/1997,0,0.000605257,,,,,
7/14/1997,0,0.000906875,,,,,
7/15/1997,0,0.001256149,,,,,
7/16/1997,0,0.001545865,,,,,
7/17/1997,0,0.001542932,,,,,
7/18/1997,0,0.001506515,,,,,
7/19/1997,0,0.001470216,,,,,
7/20/1997,0,0.001434036,,,,,
7/21/1997,0,0.001397975,,,,,
7/22/1997,0,0.004820808,,,,,
7/23/1997,0,0.006379661,,,,,
7/24/1997,0,0.00313982,,,,,
7/25/1997,0,0.001867357,,,,,
7/26/1997,0,0.000677738,,,,,
7/27/1997,0,2.99E-05,,,,,
7/28/1997,0,0,,,,,
7/29/1997,0,0,,,,,
7/30/1997,0,0,,,,,
7/31/1997,0,0,,,,,
8/1/1997,0,0,,,,,
8/2/1997,0,0,,,,,
8/3/1997,0,0,,,,,
8/4/1997,0,0,,,,,
8/5/1997,0,0,,,,,
8/6/1997,0,0,,,,,
8/7/1997,0,0,,,,,
8/8/1997,0,0,,,,,
8/9/1997,0,0,,,,,
8/10/1997,0,0,,,,,
8/11/1997,0,0,,,,,
8/12/1997,0,0,,,,,
8/13/1997,0,0,,,,,
8/14/1997,0,0,,,,,
8/15/1997,0,0,,,,,
8/16/1997,0,0,,,,,
8/17/1997,0,0,,,,,
8/18/1997,0,0.000949056,,,,,
8/19/1997,0,0,,,,,
8/20/1997,0,0,,,,,
8/21/1997,0,0,,,,,
8/22/1997,0,0,,,,,
8/23/1997,0,0,,,,,
8/24/1997,0,0,,,,,
8/25/1997,0,0.005428259,,,,,
8/26/1997,0,0.001380552,,,,,
8/27/1997,0,0,,,,,
8/28/1997,0,0,,,,,
8/29/1997,0,0,,,,,
8/30/1997,0,0.001380552,,,,,
8/31/1997,0,0,,,,,
9/1/1997,0,0,,,,,
9/2/1997,0,0,,,,,
9/3/1997,0,0,,,,,
9/4/1997,0,0,,,,,
9/5/1997,0,0,,,,,
9/6/1997,0,0,,,,,
9/7/1997,0,0,,,,,
9/8/1997,0,0,,,,,
9/9/1997,0,0,,,,,
9/10/1997,0,0.000961476,,,,,
9/11/1997,0,0.000265073,,,,,
9/12/1997,0,0,,,,,
9/13/1997,0,0,,,,,
9/14/1997,0,0,,,,,
9/15/1997,0,0,,,,,
9/16/1997,0,0,,,,,
9/17/1997,0,0,,,,,
9/18/1997,0,0,,,,,
9/19/1997,0,0,,,,,
9/20/1997,0,0,,,,,
9/21/1997,0,0,,,,,
9/22/1997,0,0,,,,,
9/23/1997,0,0,,,,,
9/24/1997,0,0,,,,,
9/25/1997,0,0,,,,,
9/26/1997,0,0,,,,,
9/27/1997,0,0,,,,,
9/28/1997,0,0,,,,,
9/29/1997,0,0,,,,,
9/30/1997,0,0,,,,,
10/1/1997,0,0,,,,,
10/2/1997,0,0,,,,,
10/3/1997,0,0,,,,,
10/4/1997,0,0,,,,,
10/5/1997,0,0,,,,,
10/6/1997,0,0,,,,,
10/7/1997,0,0,,,,,
10/8/1997,0,0,,,,,
10/9/1997,0,0,,,,,
10/10/1997,0,0,,,,,
10/11/1997,0,0,,,,,
10/12/1997,0,0,,,,,
10/13/1997,0,0,,,,,
10/14/1997,0,0,,,,,
10/15/1997,0,0,,,,,
10/16/1997,0,0,,,,,
10/17/1997,0,0,,,,,
10/18/1997,0,0,,,,,
10/19/1997,0,0,,,,,
10/20/1997,0,0,,,,,
10/21/1997,0,0,,,,,
10/22/1997,0,0,,,,,
10/23/1997,0,0,,,,,
10/24/1997,0,0,,,,,
10/25/1997,0,0,,,,,
10/26/1997,0,0,,,,,
10/27/1997,0,0,,,,,
10/28/1997,0,0,,,,,
10/29/1997,0,0,,,,,
10/30/1997,0,0,,,,,
10/31/1997,0,0,,,,,
11/1/1997,0,0,,,,,
11/2/1997,0,0,,,,,
11/3/1997,0,0,,,,,
11/4/1997,0,0,,,,,
11/5/1997,0,0,,,,,
11/6/1997,0,0,,,,,
11/7/1997,0,0,,,,,
11/8/1997,0,0,,,,,
11/9/1997,0,0,,,,,
11/10/1997,0,0,,,,,
11/11/1997,0,0,,,,,
11/12/1997,0,0,,,,,
11/13/1997,0,0,,,,,
11/14/1997,0,0,,,,,
11/15/1997,0,0,,,,,
11/16/1997,0,0,,,,,
11/17/1997,0,0,,,,,
11/18/1997,0,0,,,,,
11/19/1997,0,0,,,,,
11/20/1997,0,0,,,,,
11/21/1997,0,0,,,,,
11/22/1997,0,0,,,,,
11/23/1997,0,0,,,,,
11/24/1997,0,0,,,,,
11/25/1997,0,0,,,,,
11/26/1997,0,0,,,,,
11/27/1997,0,0,,,,,
11/28/1997,0,0.000144183,,,,,
11/29/1997,0,0.007253948,,,,,
11/30/1997,0,0.009712884,,,,,
12/1/1997,0,0.024225881,,,,,
12/2/1997,0,0.011478696,,,,,
12/3/1997,0,0.010997442,,,,,
12/4/1997,0,0.007574249,,,,,
12/5/1997,0,0.0060717,,,,,
12/6/1997,0,0.0047645,,,,,
12/7/1997,0,0.003594176,,,,,
12/8/1997,0,0.002691174,,,,,
12/9/1997,0,0.002529214,,,,,
12/10/1997,0,0.001982895,,,,,
12/11/1997,0,0.027127118,,,,,
12/12/1997,0,0.017253488,,,,,
12/13/1997,0,0.014053137,,,,,
12/14/1997,0,0.010448095,,,,,
12/15/1997,0,0.007094546,,,,,
12/16/1997,0,0.002535089,,,,,
12/17/1997,0,0.002005515,,,,,
12/18/1997,0,0.001773216,,,,,
12/19/1997,0,0.001544353,,,,,
12/20/1997,0,0.001318936,,,,,
12/21/1997,0,0.001096969,,,,,
12/22/1997,0,0.00087846,,,,,
12/23/1997,0,0.001967186,,,,,
12/24/1997,0,0.002336401,,,,,
12/25/1997,0,0.034423666,,,,,
12/26/1997,0,0.020556899,,,,,
12/27/1997,0,0.01012971,,,,,
12/28/1997,0,0.006597542,,,,,
12/29/1997,0,0.006052783,,,,,
12/30/1997,0,0.005716204,,,,,
12/31/1997,0,0.004037026,,,,,
1/1/1998,0,0.003066714,,,,,
1/2/1998,0,0.003418989,,,,,
1/3/1998,0,0.003418989,,,,,
1/4/1998,0,0.003418989,,,,,
1/5/1998,0.048418132,0.003418989,,,,,
1/6/1998,0.016791378,0.061316226,,,,,
1/7/1998,0.045780658,0.094032222,,,,,
1/8/1998,0.326293717,0.104983909,,,,,
1/9/1998,0.093244548,0.199364046,,,,,
1/10/1998,0,0.137820693,,,,,
1/11/1998,0,0.095452022,,,,,
1/12/1998,0,0.063764192,,,,,
1/13/1998,0,0.048619708,,,,,
1/14/1998,0,0.037491766,,,,,
1/15/1998,0,0.033476244,,,,,
1/16/1998,0,0.032190096,,,,,
1/17/1998,0,0.030922523,,,,,
1/18/1998,0,0.027326576,,,,,
1/19/1998,0,0.02087463,,,,,
1/20/1998,0,0.020506147,,,,,
1/21/1998,0,0.020071128,,,,,
1/22/1998,0,0.019639283,,,,,
1/23/1998,0,0.019210617,,,,,
1/24/1998,0,0.01868395,,,,,
1/25/1998,0,0.017560665,,,,,
1/26/1998,0,0.020060187,,,,,
1/27/1998,0,0.02193015,,,,,
1/28/1998,0,0.023198661,,,,,
1/29/1998,0,0.024713929,,,,,
1/30/1998,0,0.027957681,,,,,
1/31/1998,0,0.031027811,,,,,
2/1/1998,0,0.030704757,,,,,
2/2/1998,0,0.030381442,,,,,
2/3/1998,0,0.029659954,,,,,
2/4/1998,0,0.028632592,,,,,
2/5/1998,0,0.027617852,,,,,
2/6/1998,0,0.026615764,,,,,
2/7/1998,0,0.024436609,,,,,
2/8/1998,0,0.021382415,,,,,
2/9/1998,0,0.020540556,,,,,
2/10/1998,0,0.019729364,,,,,
2/11/1998,0,0.01902954,,,,,
2/12/1998,0,0.018350931,,,,,
2/13/1998,0,0.016465166,,,,,
2/14/1998,0,0.011256011,,,,,
2/15/1998,0,0.011372554,,,,,
2/16/1998,0,0.011489476,,,,,
2/17/1998,0,0.011638518,,,,,
2/18/1998,0,0.02528435,,,,,
2/19/1998,0,0.043667623,,,,,
2/20/1998,0,0.046010198,,,,,
2/21/1998,0,0.052247858,,,,,
2/22/1998,0,0.055841981,,,,,
2/23/1998,0,0.053427461,,,,,
2/24/1998,0,0.048428594,,,,,
2/25/1998,0,0.050029284,,,,,
2/26/1998,0,0.048838174,,,,,
2/27/1998,0,0.046080866,,,,,
2/28/1998,0,0.040775973,,,,,
3/1/1998,0,0.035790674,,,,,
3/2/1998,0,0.033346247,,,,,
3/3/1998,0,0.031329921,,,,,
3/4/1998,0,0.036469553,,,,,
3/5/1998,0,0.03800223,,,,,
3/6/1998,0,0.03955726,,,,,
3/7/1998,0,0.041134584,,,,,
3/8/1998,0,0.042734144,,,,,
3/9/1998,0,0.091645531,,,,,
3/10/1998,0,0.215563404,,,,,
3/11/1998,0,0.123861591,,,,,
3/12/1998,0,0.081102597,,,,,
3/13/1998,0,0.05438347,,,,,
3/14/1998,0,0.043328786,,,,,
3/15/1998,0,0.045953385,,,,,
3/16/1998,0,0.066252177,,,,,
3/17/1998,0.000509808,0.069275698,,,,,
3/18/1998,0.012736841,0.137465957,,,,,
3/19/1998,0.016951949,0.220605787,,,,,
3/20/1998,0.016951949,0.121762224,,,,,
3/21/1998,0.553015496,0.128177075,,,,,
3/22/1998,0.712729136,0.111167708,,,,,
3/23/1998,0.437955794,0.094354592,,,,,
3/24/1998,0.421672724,0.085696739,,,,,
3/25/1998,0.26876097,0.074394825,,,,,
3/26/1998,0.1924232,0.072466562,,,,,
3/27/1998,0.190037482,0.069122768,,,,,
3/28/1998,1.562601877,0.075862897,,,,,
3/29/1998,0.736781156,0.101621661,,,,,
3/30/1998,0.352669886,0.083239147,,,,,
3/31/1998,0.369083949,0.104398384,,,,,
4/1/1998,0.43747889,0.118299236,,,,,
4/2/1998,0.332675506,0.153411416,,,,,
4/3/1998,0.395892306,0.134605561,,,,,
4/4/1998,0.396440217,0.143434683,,,,,
4/5/1998,0.294671786,0.155306802,,,,,
4/6/1998,0.239166295,0.134167549,,,,,
4/7/1998,0.476099391,0.102296327,,,,,
4/8/1998,0.579722475,0.110748604,,,,,
4/9/1998,0.414912928,0.150251198,,,,,
4/10/1998,0.293976659,0.123115061,,,,,
4/11/1998,0.233061128,0.10952265,,,,,
4/12/1998,0.207166957,0.100872698,,,,,
4/13/1998,0.205268621,0.078991,,,,,
4/14/1998,0.155642813,0.064585206,,,,,
4/15/1998,0.1447511,0.07654842,,,,,
4/16/1998,0.133199692,0.069266063,,,,,
4/17/1998,0.094718047,0.062484373,,,,,
4/18/1998,0.077817727,0.04949648,,,,,
4/19/1998,0.070261381,0.045384513,,,,,
4/20/1998,0.060112248,0.043305044,,,,,
4/21/1998,0.054001344,0.040430697,,,,,
4/22/1998,0.051262629,0.041488412,,,,,
4/23/1998,0.044101799,0.038396748,,,,,
4/24/1998,0.033058465,0.032647858,,,,,
4/25/1998,0.037648943,0.029905052,,,,,
4/26/1998,0.02320002,0.026065194,,,,,
4/27/1998,0.010799055,0.02582652,,,,,
4/28/1998,0.011948021,0.024116746,,,,,
4/29/1998,0.047255527,0.022192572,,,,,
4/30/1998,0.317155532,0.091835821,,,,,
5/1/1998,0.3056743,0.147041281,,,,,
5/2/1998,0.118994353,0.134055295,,,,,
5/3/1998,2.034294113,0.133097719,,,,,
5/4/1998,1.386618904,0.127546995,,,,,
5/5/1998,0.402213065,0.146959938,,,,,
5/6/1998,0.273329817,0.140297423,,,,,
5/7/1998,0.45027979,0.107585887,,,,,
5/8/1998,0.443688384,0.1272833,,,,,
5/9/1998,0.335721262,0.12966006,,,,,
5/10/1998,0.249899087,0.114288834,,,,,
5/11/1998,0.194735004,0.090356666,,,,,
5/12/1998,0.16079668,0.044849025,,,,,
5/13/1998,0.130079622,0.04373449,,,,,
5/14/1998,0.136235269,0.051634105,,,,,
5/15/1998,0.136222137,0.03064894,,,,,
5/16/1998,0.086811572,0.026160504,,,,,
5/17/1998,0.07187697,0.023030748,,,,,
5/18/1998,0.067923885,0.028658051,,,,,
5/19/1998,0.977143814,0.050949788,,,,,
5/20/1998,1.326558274,0.187757099,,,,,
5/21/1998,0.512906253,0.204982835,,,,,
5/22/1998,0.464331183,0.132444437,,,,,
5/23/1998,1.177339539,0.10881966,,,,,
5/24/1998,0.442370875,0.200504422,,,,,
5/25/1998,0.233078814,0.208105191,,,,,
5/26/1998,0.162103109,0.162828388,,,,,
5/27/1998,0.119605296,0.120074458,,,,,
5/28/1998,0.061884295,0.059082727,,,,,
5/29/1998,0.065859137,0.029818354,,,,,
5/30/1998,0.086377219,0.034361176,,,,,
5/31/1998,0.050584631,0.049870717,,,,,
6/1/1998,0.037405826,0.03683431,,,,,
6/2/1998,0.032341142,0.029880742,,,,,
6/3/1998,0.029552063,0.027638666,,,,,
6/4/1998,0.035476537,0.023529705,,,,,
6/5/1998,0.028401957,0.022588908,,,,,
6/6/1998,0.019511402,0.017460854,,,,,
6/7/1998,0.014666664,0.013761619,,,,,
6/8/1998,0.06462151,0.012404809,,,,,
6/9/1998,0.168937739,0.013950604,,,,,
6/10/1998,0.196863034,0.117837879,,,,,
6/11/1998,1.005292779,0.127671422,,,,,
6/12/1998,1.195487889,0.127241736,,,,,
6/13/1998,0.443739345,0.160806941,,,,,
6/14/1998,0.364627388,0.111958532,,,,,
6/15/1998,1.054876163,0.153949042,,,,,
6/16/1998,0.903623735,0.265886787,,,,,
6/17/1998,0.44895797,0.153982273,,,,,
6/18/1998,0.399175343,0.144672608,,,,,
6/19/1998,0.724353878,0.139958182,,,,,
6/20/1998,0.174680633,0.138813375,,,,,
6/21/1998,0.210024495,0.168796661,,,,,
6/22/1998,0.202878572,0.13672773,,,,,
6/23/1998,0.276348559,0.104785873,,,,,
6/24/1998,0.144910943,0.084857529,,,,,
6/25/1998,0.102946389,0.072090339,,,,,
6/26/1998,0.082311155,0.064233397,,,,,
6/27/1998,0.076118251,0.050236572,,,,,
6/28/1998,0.048413826,0.041913678,,,,,
6/29/1998,0.034157464,0.041466907,,,,,
6/30/1998,0.028708817,0.032519739,,,,,
7/1/1998,0.021289228,0.025808681,,,,,
7/2/1998,0.01987796,0.02349318,,,,,
7/3/1998,0.025600404,0.021846249,,,,,
7/4/1998,0.022477124,0.021074501,,,,,
7/5/1998,0.025074544,0.024461563,,,,,
7/6/1998,0.81330264,0.019403158,,,,,
7/7/1998,0.728832404,0.119681573,,,,,
7/8/1998,0.226147974,0.135608326,,,,,
7/9/1998,0.211465078,0.092466615,,,,,
7/10/1998,0.149416648,0.060333859,,,,,
7/11/1998,0.111628763,0.045356706,,,,,
7/12/1998,0.092374214,0.034414245,,,,,
7/13/1998,0.067664978,0.030011471,,,,,
7/14/1998,0.05371897,0.028123669,,,,,
7/15/1998,0.044206111,0.026145406,,,,,
7/16/1998,0.025960125,0.024295382,,,,,
7/17/1998,0.014998459,0.022973213,,,,,
7/18/1998,0.011475068,0.023527181,,,,,
7/19/1998,0.00202913,0.020861831,,,,,
7/20/1998,0,0.016879814,,,,,
7/21/1998,0,0.015578238,,,,,
7/22/1998,0.003635429,0.016370301,,,,,
7/23/1998,0.001240876,0.020310313,,,,,
7/24/1998,0,0.013959315,,,,,
7/25/1998,0,0.013623481,,,,,
7/26/1998,0,0.009744725,,,,,
7/27/1998,0,0.009587736,,,,,
7/28/1998,0,0.011351559,,,,,
7/29/1998,0,0.029274413,,,,,
7/30/1998,0,0.056248181,,,,,
7/31/1998,0,0.055153626,,,,,
8/1/1998,0,0.022760596,,,,,
8/2/1998,0,0.014186135,,,,,
8/3/1998,0,0.013436075,,,,,
8/4/1998,0,0.012504477,,,,,
8/5/1998,0,0.010453877,,,,,
8/6/1998,0,0.010115631,,,,,
8/7/1998,0,0.022997372,,,,,
8/8/1998,0,0.020924128,,,,,
8/9/1998,0,0.017452006,,,,,
8/10/1998,0,0.013472762,,,,,
8/11/1998,0,0.010185864,,,,,
8/12/1998,0,0.010143577,,,,,
8/13/1998,0,0.00993407,,,,,
8/14/1998,0,0.009733528,,,,,
8/15/1998,0,0.009880244,,,,,
8/16/1998,0,0.010213513,,,,,
8/17/1998,0,0.010549364,,,,,
8/18/1998,0,0.010887796,,,,,
8/19/1998,0,0.008450256,,,,,
8/20/1998,0,0.0040413,,,,,
8/21/1998,0,0.001416953,,,,,
8/22/1998,0,0.001709745,,,,,
8/23/1998,0,0.000876148,,,,,
8/24/1998,0,0.001111891,,,,,
8/25/1998,0,0.001350339,,,,,
8/26/1998,0,0.001559435,,,,,
8/27/1998,0,0.001282717,,,,,
8/28/1998,0,0.000846906,,,,,
8/29/1998,0,0.000420289,,,,,
8/30/1998,0,0.000104641,,,,,
8/31/1998,0,0,,,,,
9/1/1998,0,0,,,,,
9/2/1998,0,0,,,,,
9/3/1998,0,0,,,,,
9/4/1998,0,0,,,,,
9/5/1998,0,0,,,,,
9/6/1998,0,0,,,,,
9/7/1998,0,0,,,,,
9/8/1998,0,0,,,,,
9/9/1998,0,0,,,,,
9/10/1998,0,0,,,,,
9/11/1998,0,0,,,,,
9/12/1998,0,0,,,,,
9/13/1998,0,0,,,,,
9/14/1998,0,0,,,,,
9/15/1998,0,0,,,,,
9/16/1998,0,0,,,,,
9/17/1998,0,0,,,,,
9/18/1998,0,0,,,,,
9/19/1998,0,0,,,,,
9/20/1998,0,0,,,,,
9/21/1998,0,0.005576381,,,,,
9/22/1998,0,0.016053666,,,,,
9/23/1998,0,0.011503745,,,,,
9/24/1998,0,0.011236685,,,,,
9/25/1998,0,0.010741749,,,,,
9/26/1998,0,0.009478511,,,,,
9/27/1998,0,0.008186199,,,,,
9/28/1998,0,0.007140788,,,,,
9/29/1998,0,0.010254974,,,,,
9/30/1998,0,0.011155053,,,,,
10/1/1998,0,0.011377528,,,,,
10/2/1998,0,0.011560268,,,,,
10/3/1998,0,0.011743687,,,,,
10/4/1998,0,0.012119339,,,,,
10/5/1998,0,0.014807657,,,,,
10/6/1998,0,0.0251305,,,,,
10/7/1998,0,0.061580759,,,,,
10/8/1998,0,0.082234663,,,,,
10/9/1998,0,0.030812712,,,,,
10/10/1998,0,0.022335245,,,,,
10/11/1998,0,0.018077873,,,,,
10/12/1998,0,0.01324097,,,,,
10/13/1998,0,0.013660606,,,,,
10/14/1998,0,0.014112738,,,,,
10/15/1998,0,0.01437199,,,,,
10/16/1998,0,0.01421591,,,,,
10/17/1998,0,0.01421591,,,,,
10/18/1998,0,0.01421591,,,,,
10/19/1998,0,0.012808422,,,,,
10/20/1998,0,0.011965676,,,,,
10/21/1998,0,0.011614307,,,,,
10/22/1998,0,0.011374621,,,,,
10/23/1998,0,0.009147317,,,,,
10/24/1998,0,0.007719054,,,,,
10/25/1998,0,0.008027508,,,,,
10/26/1998,0,0.008338694,,,,,
10/27/1998,0,0.008586411,,,,,
10/28/1998,0,0.008471134,,,,,
10/29/1998,0,0.008312978,,,,,
10/30/1998,0,0.008155521,,,,,
10/31/1998,0,0.006436308,,,,,
11/1/1998,0,0.004984623,,,,,
11/2/1998,0,0.006012063,,,,,
11/3/1998,0,0.011081889,,,,,
11/4/1998,0,0.091357527,,,,,
11/5/1998,0,0.091585378,,,,,
11/6/1998,0,0.062320614,,,,,
11/7/1998,0,0.032605208,,,,,
11/8/1998,0,0.025959056,,,,,
11/9/1998,0,0.026829355,,,,,
11/10/1998,0,0.048671614,,,,,
11/11/1998,0,0.174223065,,,,,
11/12/1998,0,0.107923785,,,,,
11/13/1998,0,0.061647695,,,,,
11/14/1998,0,0.047684128,,,,,
11/15/1998,0,0.027608098,,,,,
11/16/1998,0,0.019572018,,,,,
11/17/1998,0,0.017872523,,,,,
11/18/1998,0,0.022253587,,,,,
11/19/1998,0,0.021520259,,,,,
11/20/1998,0,0.018689478,,,,,
11/21/1998,0,0.016807576,,,,,
11/22/1998,0,0.016053909,,,,,
11/23/1998,0,0.014450339,,,,,
11/24/1998,0,0.014668765,,,,,
11/25/1998,0,0.015732184,,,,,
11/26/1998,0,0.021593514,,,,,
11/27/1998,0,0.019156382,,,,,
11/28/1998,0,0.014187999,,,,,
11/29/1998,0,0.010958427,,,,,
11/30/1998,0,0.010783979,,,,,
12/1/1998,0,0.009403226,,,,,
12/2/1998,0,0.007961772,,,,,
12/3/1998,0,0.007961772,,,,,
12/4/1998,0,0.009472076,,,,,
12/5/1998,0,0.010303274,,,,,
12/6/1998,0,0.009979685,,,,,
12/7/1998,0,0.00971175,,,,,
12/8/1998,0,0.0099167,,,,,
12/9/1998,0,0.010235265,,,,,
12/10/1998,0,0.010516649,,,,,
12/11/1998,0,0.010333304,,,,,
12/12/1998,0,0.010018107,,,,,
12/13/1998,0,0.00972084,,,,,
12/14/1998,0,0.009746744,,,,,
12/15/1998,0,0.009902374,,,,,
12/16/1998,0,0.010818503,,,,,
12/17/1998,0,0.01278381,,,,,
12/18/1998,0,0.008891251,,,,,
12/19/1998,0,0.005841693,,,,,
12/20/1998,0,0.005479259,,,,,
12/21/1998,0,0.005387593,,,,,
12/22/1998,0,0.005290298,,,,,
12/23/1998,0,0.005193314,,,,,
12/24/1998,0,0.005096642,,,,,
12/25/1998,0,0.005000281,,,,,
12/26/1998,0,0.004927281,,,,,
12/27/1998,0,0.004922779,,,,,
12/28/1998,0,0.004922779,,,,,
12/29/1998,0,0.004922779,,,,,
12/30/1998,0,0.004922779,,,,,
12/31/1998,0,0.004922779,,,,,
1/1/1999,0,0.00072272,,,,,
1/2/1999,0,0.004065388,,,,,
1/3/1999,0,0.004155839,,,,,
1/4/1999,0,0.004246627,,,,,
1/5/1999,0,0.004337751,,,,,
1/6/1999,0,0.004429211,,,,,
1/7/1999,0,0.00449016,,,,,
1/8/1999,0,0.004491668,,,,,
1/9/1999,0,0.004491668,,,,,
1/10/1999,0,0.004491668,,,,,
1/11/1999,0,0.004491668,,,,,
1/12/1999,0,0.004491668,,,,,
1/13/1999,0,0.009538563,,,,,
1/14/1999,0,0.041671888,,,,,
1/15/1999,0,0.023535635,,,,,
1/16/1999,0,0.017326968,,,,,
1/17/1999,0,0.017776585,,,,,
1/18/1999,0,0.067768939,,,,,
1/19/1999,0,0.190585767,,,,,
1/20/1999,0,0.185772549,,,,,
1/21/1999,0.021033148,0.130342922,,,,,
1/22/1999,0.171346735,0.154613287,,,,,
1/23/1999,0.170005401,0.266567127,,,,,
1/24/1999,0.155672952,0.224429362,,,,,
1/25/1999,0.145457411,0.140284585,,,,,
1/26/1999,0.12408331,0.118532501,,,,,
1/27/1999,0.085485961,0.103434522,,,,,
1/28/1999,0.087895537,0.091911525,,,,,
1/29/1999,0.094462831,0.07170717,,,,,
1/30/1999,0.081872274,0.062172336,,,,,
1/31/1999,0.079469624,0.057555077,,,,,
2/1/1999,0.079661986,0.095060972,,,,,
2/2/1999,0.081336773,0.128177463,,,,,
2/3/1999,0.08368432,0.125471086,,,,,
2/4/1999,0.077372865,0.102169946,,,,,
2/5/1999,0.07338203,0.077463639,,,,,
2/6/1999,0.082761201,0.081810419,,,,,
2/7/1999,0.09429924,0.087515913,,,,,
2/8/1999,0.35678666,0.218567023,,,,,
2/9/1999,0.278087384,0.209342874,,,,,
2/10/1999,0.464917448,0.168775908,,,,,
2/11/1999,0.425802991,0.146689201,,,,,
2/12/1999,0.19176547,0.12005147,,,,,
2/13/1999,0.086347702,0.116042917,,,,,
2/14/1999,0.084304267,0.097842918,,,,,
2/15/1999,0.081027212,0.087990577,,,,,
2/16/1999,0.077550988,0.076828467,,,,,
2/17/1999,0.073789087,0.075268475,,,,,
2/18/1999,0.067743733,0.063393642,,,,,
2/19/1999,0.059229734,0.051812966,,,,,
2/20/1999,0.052465459,0.052484461,,,,,
2/21/1999,0.04804135,0.051405333,,,,,
2/22/1999,0.045112682,0.048101721,,,,,
2/23/1999,0.04109738,0.044339141,,,,,
2/24/1999,0.037165143,0.041543526,,,,,
2/25/1999,0.03354761,0.039228841,,,,,
2/26/1999,0.032361292,0.035922159,,,,,
2/27/1999,0.028471587,0.037739024,,,,,
2/28/1999,0.023840236,0.04102009,,,,,
3/1/1999,0.019359647,0.03839903,,,,,
3/2/1999,0.017484874,0.036259261,,,,,
3/3/1999,0.017197918,0.041454237,,,,,
3/4/1999,0.016865598,0.054033147,,,,,
3/5/1999,0.016534076,0.051775587,,,,,
3/6/1999,0.01620335,0.063072777,,,,,
3/7/1999,0.015873423,0.069830342,,,,,
3/8/1999,0.015544293,0.065299277,,,,,
3/9/1999,0.01521596,0.061973361,,,,,
3/10/1999,0.014888426,0.055931374,,,,,
3/11/1999,0.012643657,0.049012017,,,,,
3/12/1999,0.012102687,0.064317654,,,,,
3/13/1999,0.016270035,0.147760533,,,,,
3/14/1999,0.037626407,0.159991419,,,,,
3/15/1999,0.046285061,0.13030316,,,,,
3/16/1999,0.031644637,0.104974034,,,,,
3/17/1999,0.030723655,0.070081248,,,,,
3/18/1999,0.029808288,0.058117276,,,,,
3/19/1999,0.028898544,0.053865316,,,,,
3/20/1999,0.027994427,0.049736127,,,,,
3/21/1999,0.027095942,0.04573037,,,,,
3/22/1999,0.026203094,0.041848748,,,,,
3/23/1999,0.025315888,0.038092,,,,,
3/24/1999,0.024411875,0.034460902,,,,,
3/25/1999,0.02337996,0.031396792,,,,,
3/26/1999,0.02233262,0.030541578,,,,,
3/27/1999,0.021293517,0.029966894,,,,,
3/28/1999,0.020262662,0.029395821,,,,,
3/29/1999,0.019240064,0.028828363,,,,,
3/30/1999,0.018225731,0.028264524,,,,,
3/31/1999,0.016105361,0.027704307,,,,,
4/1/1999,0,0.027147719,,,,,
4/2/1999,0,0.031544305,,,,,
4/3/1999,0,0.034679046,,,,,
4/4/1999,0,0.034318747,,,,,
4/5/1999,0,0.033959642,,,,,
4/6/1999,0,0.03360173,,,,,
4/7/1999,0,0.033245012,,,,,
4/8/1999,0,0.032889489,,,,,
4/9/1999,0.051400083,0.032535162,,,,,
4/10/1999,0.001264721,0.032119776,,,,,
4/11/1999,0,0.031439058,,,,,
4/12/1999,0,0.023062532,,,,,
4/13/1999,0,0.016794518,,,,,
4/14/1999,0,0.015480264,,,,,
4/15/1999,0.185482867,0.015357721,,,,,
4/16/1999,0.464157882,0.043026633,,,,,
4/17/1999,0.504642361,0.093459579,,,,,
4/18/1999,0.357040235,0.117823086,,,,,
4/19/1999,0.263924084,0.054518908,,,,,
4/20/1999,0.215868826,0.050140225,,,,,
4/21/1999,0.296967512,0.051984257,,,,,
4/22/1999,0.252889803,0.145226633,,,,,
4/23/1999,0.184745853,0.108442637,,,,,
4/24/1999,0.178738994,0.062773874,,,,,
4/25/1999,0.17018234,0.043871596,,,,,
4/26/1999,0.156294887,0.040530637,,,,,
4/27/1999,0.14058678,0.043208075,,,,,
4/28/1999,0.098359578,0.043372327,,,,,
4/29/1999,0.086126025,0.034140609,,,,,
4/30/1999,0.075925117,0.01898667,,,,,
5/1/1999,0.070107977,0.018132394,,,,,
5/2/1999,0.0790827,0.016081255,,,,,
5/3/1999,0.049975816,0.015697478,,,,,
5/4/1999,0.050211878,0.015697478,,,,,
5/5/1999,0.041022678,0.015818196,,,,,
5/6/1999,0.04364043,0.016131464,,,,,
5/7/1999,0.031838813,0.016408936,,,,,
5/8/1999,0.006915735,0.016630127,,,,,
5/9/1999,0,0.01762177,,,,,
5/10/1999,0,0.01668852,,,,,
5/11/1999,0,0.015820993,,,,,
5/12/1999,0,0.016325003,,,,,
5/13/1999,0.01705443,0.011812605,,,,,
5/14/1999,0.051574034,0.004456109,,,,,
5/15/1999,0.04882534,0.003162472,,,,,
5/16/1999,0.046741554,0.001733485,,,,,
5/17/1999,0.034082383,0.00729996,,,,,
5/18/1999,0,0.01114199,,,,,
5/19/1999,0,0.009767457,,,,,
5/20/1999,0,0.0096455,,,,,
5/21/1999,0,0.011452507,,,,,
5/22/1999,0,0.012908685,,,,,
5/23/1999,0,0.011847625,,,,,
5/24/1999,0,0.009242291,,,,,
5/25/1999,0,0.008545074,,,,,
5/26/1999,0,0.00786101,,,,,
5/27/1999,0,0.007190139,,,,,
5/28/1999,0,0.00657462,,,,,
5/29/1999,0,0.007686569,,,,,
5/30/1999,0,0.008645111,,,,,
5/31/1999,0,0.00906261,,,,,
6/1/1999,0.009891894,0.008729273,,,,,
6/2/1999,0.040645267,0.018381812,,,,,
6/3/1999,0,0.078382808,,,,,
6/4/1999,0,0.047719081,,,,,
6/5/1999,0,0.036152127,,,,,
6/6/1999,0,0.036417154,,,,,
6/7/1999,0,0.033262708,,,,,
6/8/1999,0,0.024520186,,,,,
6/9/1999,0,0.022133372,,,,,
6/10/1999,0,0.02239133,,,,,
6/11/1999,0,0.022650255,,,,,
6/12/1999,0,0.110251393,,,,,
6/13/1999,0,0.140089966,,,,,
6/14/1999,0,0.083738326,,,,,
6/15/1999,0,0.049502272,,,,,
6/16/1999,0,0.039914213,,,,,
6/17/1999,0,0.036124905,,,,,
6/18/1999,0,0.031749841,,,,,
6/19/1999,0,0.025114772,,,,,
6/20/1999,0,0.019985067,,,,,
6/21/1999,0,0.021165738,,,,,
6/22/1999,0,0.020288585,,,,,
6/23/1999,0,0.018722144,,,,,
6/24/1999,0,0.019074618,,,,,
6/25/1999,0,0.01747589,,,,,
6/26/1999,0,0.017768886,,,,,
6/27/1999,0,0.025124387,,,,,
6/28/1999,0,0.023695676,,,,,
6/29/1999,0,0.019176633,,,,,
6/30/1999,0,0.016842785,,,,,
7/1/1999,0,0.015778875,,,,,
7/2/1999,0,0.015014111,,,,,
7/3/1999,0,0.014437537,,,,,
7/4/1999,0,0.013970312,,,,,
7/5/1999,0,0.012985191,,,,,
7/6/1999,0,0.011831742,,,,,
7/7/1999,0,0.011426848,,,,,
7/8/1999,0,0.009996066,,,,,
7/9/1999,0,0.008334069,,,,,
7/10/1999,0,0.007942231,,,,,
7/11/1999,0,0.007169839,,,,,
7/12/1999,0,0.006341032,,,,,
7/13/1999,0,0.004934668,,,,,
7/14/1999,0,0.004079586,,,,,
7/15/1999,0,0.002533117,,,,,
7/16/1999,0,0.003395252,,,,,
7/17/1999,0,0.003058954,,,,,
7/18/1999,0,0.002282991,,,,,
7/19/1999,0,0.001717274,,,,,
7/20/1999,0,0.007450374,,,,,
7/21/1999,0,0.05430911,,,,,
7/22/1999,0,0.020660042,,,,,
7/23/1999,0,0.009768937,,,,,
7/24/1999,0,0.009500889,,,,,
7/25/1999,0,0.008379914,,,,,
7/26/1999,0,0.008156835,,,,,
7/27/1999,0,0.007386616,,,,,
7/28/1999,0,0.007713058,,,,,
7/29/1999,0,0.0094386,,,,,
7/30/1999,0,0.006973289,,,,,
7/31/1999,0,0.004707989,,,,,
8/1/1999,0,0.004035057,,,,,
8/2/1999,0,0.004490584,,,,,
8/3/1999,0,0.003959933,,,,,
8/4/1999,0,0.002096092,,,,,
8/5/1999,0,0.000749404,,,,,
8/6/1999,0,0.000524042,,,,,
8/7/1999,0,0.000302971,,,,,
8/8/1999,0,9.68E-05,,,,,
8/9/1999,0,0,,,,,
8/10/1999,0,0,,,,,
8/11/1999,0,0,,,,,
8/12/1999,0,0,,,,,
8/13/1999,0,0.000499053,,,,,
8/14/1999,0,0.014949774,,,,,
8/15/1999,0,0.00578239,,,,,
8/16/1999,0,0.002574295,,,,,
8/17/1999,0,0.001100985,,,,,
8/18/1999,0,0.000814268,,,,,
8/19/1999,0,0.000631717,,,,,
8/20/1999,0,0.000451729,,,,,
8/21/1999,0,0.000274311,,,,,
8/22/1999,0,9.95E-05,,,,,
8/23/1999,0,6.34E-06,,,,,
8/24/1999,0,0,,,,,
8/25/1999,0,0,,,,,
8/26/1999,0,0,,,,,
8/27/1999,0,0,,,,,
8/28/1999,0,0,,,,,
8/29/1999,0,0,,,,,
8/30/1999,0,0,,,,,
8/31/1999,0,0,,,,,
9/1/1999,0,0,,,,,
9/2/1999,0,0,,,,,
9/3/1999,0,0,,,,,
9/4/1999,0,0,,,,,
9/5/1999,0,0,,,,,
9/6/1999,0,0,,,,,
9/7/1999,0,0,,,,,
9/8/1999,0,0,,,,,
9/9/1999,0,0,,,,,
9/10/1999,0,0,,,,,
9/11/1999,0,0,,,,,
9/12/1999,0,0,,,,,
9/13/1999,0,0,,,,,
9/14/1999,0,0,,,,,
9/15/1999,0,0,,,,,
9/16/1999,0,0,,,,,
9/17/1999,0,0,,,,,
9/18/1999,0,0,,,,,
9/19/1999,0,0,,,,,
9/20/1999,0,0,,,,,
9/21/1999,0,0,,,,,
9/22/1999,0,0,,,,,
9/23/1999,0,0,,,,,
9/24/1999,0,0,,,,,
9/25/1999,0,0,,,,,
9/26/1999,0,0,,,,,
9/27/1999,0,0,,,,,
9/28/1999,0,0,,,,,
9/29/1999,0,0.003727481,,,,,
9/30/1999,0,0.008699449,,,,,
10/1/1999,0,0.003226738,,,,,
10/2/1999,0,0.002440869,,,,,
10/3/1999,0,0.002017484,,,,,
10/4/1999,0,0.001605669,,,,,
10/5/1999,0,0.001237698,,,,,
10/6/1999,0,0.001008892,,,,,
10/7/1999,0,0.000796894,,,,,
10/8/1999,0,0.000588437,,,,,
10/9/1999,0,0.000377917,,,,,
10/10/1999,0,0.000176555,,,,,
10/11/1999,0,3.95E-05,,,,,
10/12/1999,0,0,,,,,
10/13/1999,0,0,,,,,
10/14/1999,0,0,,,,,
10/15/1999,0,7.53E-05,,,,,
10/16/1999,0,7.89E-05,,,,,
10/17/1999,0,2.47E-05,,,,,
10/18/1999,0,0,,,,,
10/19/1999,0,0,,,,,
10/20/1999,0,0,,,,,
10/21/1999,0,0,,,,,
10/22/1999,0,0,,,,,
10/23/1999,0,0,,,,,
10/24/1999,0,0,,,,,
10/25/1999,0,0,,,,,
10/26/1999,0,0,,,,,
10/27/1999,0,0,,,,,
10/28/1999,0,0,,,,,
10/29/1999,0,0,,,,,
10/30/1999,0,6.11E-05,,,,,
10/31/1999,0,0,,,,,
11/1/1999,0,0,,,,,
11/2/1999,0,0.003797547,,,,,
11/3/1999,0,0.016460612,,,,,
11/4/1999,0,0.009088434,,,,,
11/5/1999,0,0.007373028,,,,,
11/6/1999,0,0.006462782,,,,,
11/7/1999,0,0.005936404,,,,,
11/8/1999,0,0.005653892,,,,,
11/9/1999,0,0.004757569,,,,,
11/10/1999,0,0.001249055,,,,,
11/11/1999,0,0.001717273,,,,,
11/12/1999,0,0.001928107,,,,,
11/13/1999,0,0.001979733,,,,,
11/14/1999,0,0.002031535,,,,,
11/15/1999,0,0.002083515,,,,,
11/16/1999,0,0.002135671,,,,,
11/17/1999,0,0.002188003,,,,,
11/18/1999,0,0.002240511,,,,,
11/19/1999,0,0.002293196,,,,,
11/20/1999,0,0.002346057,,,,,
11/21/1999,0,0.002399094,,,,,
11/22/1999,0,0.002452307,,,,,
11/23/1999,0,0.00249064,,,,,
11/24/1999,0,0.002462752,,,,,
11/25/1999,0,0.002427089,,,,,
11/26/1999,0,0.002391505,,,,,
11/27/1999,0,0.00235362,,,,,
11/28/1999,0,0.002292333,,,,,
11/29/1999,0,0.002257518,,,,,
11/30/1999,0,0.002222781,,,,,
12/1/1999,0,0.002188122,,,,,
12/2/1999,0,0.0021486,,,,,
12/3/1999,0,0.002086847,,,,,
12/4/1999,0,0.002022599,,,,,
12/5/1999,0,0.001958623,,,,,
12/6/1999,0,0.001894919,,,,,
12/7/1999,0,0.001977698,,,,,
12/8/1999,0,0.002570166,,,,,
12/9/1999,0,0.002718664,,,,,
12/10/1999,0,0.002809209,,,,,
12/11/1999,0,0.002900264,,,,,
12/12/1999,0,0.002991831,,,,,
12/13/1999,0,0.003083909,,,,,
12/14/1999,0,0.003176497,,,,,
12/15/1999,0,0.007031431,,,,,
12/16/1999,0,0.012785422,,,,,
12/17/1999,0,0.013857441,,,,,
12/18/1999,0,0.013738917,,,,,
12/19/1999,0,0.013627941,,,,,
12/20/1999,0,0.01351725,,,,,
12/21/1999,0,0.013406846,,,,,
12/22/1999,0,0.013313501,,,,,
12/23/1999,0,0.013302495,,,,,
12/24/1999,0,0.013302495,,,,,
12/25/1999,0,0.013302495,,,,,
12/26/1999,0,0.013302495,,,,,
12/27/1999,0,0.012834619,,,,,
12/28/1999,0,0.01209073,,,,,
12/29/1999,0,0.01209073,,,,,
12/30/1999,0,0.01209073,,,,,
12/31/1999,0,0.01209073,,,,,
1/1/2000,0,0.0122422,,,,,
1/2/2000,0,0.016951381,,,,,
1/3/2000,0,0.024305523,,,,,
1/4/2000,0,0.047112936,,,,,
1/5/2000,0,0.043908682,,,,,
1/6/2000,0,0.023944155,,,,,
1/7/2000,0,0.017762874,,,,,
1/8/2000,0,0.015905122,,,,,
1/9/2000,0,0.016226678,,,,,
1/10/2000,0,0.016550302,,,,,
1/11/2000,0,0.012340947,,,,,
1/12/2000,0,0.009618213,,,,,
1/13/2000,0,0.008100762,,,,,
1/14/2000,0,0.007821768,,,,,
1/15/2000,0,0.006855749,,,,,
1/16/2000,0,0.006358017,,,,,
1/17/2000,0,0.006306349,,,,,
1/18/2000,0,0.006392744,,,,,
1/19/2000,0,0.006491985,,,,,
1/20/2000,0,0.006591639,,,,,
1/21/2000,0,0.006691704,,,,,
1/22/2000,0,0.006792181,,,,,
1/23/2000,0,0.00689307,,,,,
1/24/2000,0,0.006988705,,,,,
1/25/2000,0,0.006918013,,,,,
1/26/2000,0,0.006770533,,,,,
1/27/2000,0,0.006623933,,,,,
1/28/2000,0,0.006478214,,,,,
1/29/2000,0,0.006333375,,,,,
1/30/2000,0,0.006189418,,,,,
1/31/2000,0,0.006046344,,,,,
2/1/2000,0,0.005975379,,,,,
2/2/2000,0,0.006073376,,,,,
2/3/2000,0,0.006171687,,,,,
2/4/2000,0,0.006270413,,,,,
2/5/2000,0,0.006369554,,,,,
2/6/2000,0,0.006469109,,,,,
2/7/2000,0,0.00656908,,,,,
2/8/2000,0,0.006671136,,,,,
2/9/2000,0.001941436,0.00686077,,,,,
2/10/2000,0.024223449,0.007444261,,,,,
2/11/2000,0.033512435,0.042554901,,,,,
2/12/2000,0.016437729,0.061537969,,,,,
2/13/2000,0.003844608,0.042563939,,,,,
2/14/2000,0,0.033957564,,,,,
2/15/2000,0,0.025167495,,,,,
2/16/2000,0,0.020056151,,,,,
2/17/2000,0,0.023442508,,,,,
2/18/2000,0,0.023442508,,,,,
2/19/2000,0,0.082578022,,,,,
2/20/2000,0,0.0991932,,,,,
2/21/2000,0,0.078573664,,,,,
2/22/2000,0,0.054206473,,,,,
2/23/2000,0,0.046658113,,,,,
2/24/2000,0,0.035927644,,,,,
2/25/2000,0,0.031569799,,,,,
2/26/2000,0,0.029416388,,,,,
2/27/2000,0,0.043531268,,,,,
2/28/2000,0,0.068226399,,,,,
2/29/2000,0,0.060959128,,,,,
3/1/2000,0,0.051813725,,,,,
3/2/2000,0,0.040144182,,,,,
3/3/2000,0,0.036271817,,,,,
3/4/2000,0,0.03295349,,,,,
3/5/2000,0,0.028770479,,,,,
3/6/2000,0,0.024506017,,,,,
3/7/2000,0,0.0210191,,,,,
3/8/2000,0,0.020375896,,,,,
3/9/2000,0,0.01890706,,,,,
3/10/2000,0,0.015624805,,,,,
3/11/2000,0,0.008238106,,,,,
3/12/2000,0,0.007731778,,,,,
3/13/2000,0,0.008540216,,,,,
3/14/2000,0,0.009265349,,,,,
3/15/2000,0,0.009174324,,,,,
3/16/2000,0,0.00890833,,,,,
3/17/2000,0,0.008672604,,,,,
3/18/2000,0,0.008634625,,,,,
3/19/2000,0,0.008634625,,,,,
3/20/2000,0,0.038640638,,,,,
3/21/2000,0,0.062563635,,,,,
3/22/2000,0,0.066669996,,,,,
3/23/2000,0,0.072419843,,,,,
3/24/2000,0,0.057651885,,,,,
3/25/2000,0,0.054531667,,,,,
3/26/2000,0,0.051556647,,,,,
3/27/2000,0,0.040748173,,,,,
3/28/2000,0,0.034665982,,,,,
3/29/2000,0,0.029484883,,,,,
3/30/2000,0,0.025591271,,,,,
3/31/2000,0,0.025611488,,,,,
4/1/2000,0,0.025399351,,,,,
4/2/2000,0,0.024760926,,,,,
4/3/2000,0,0.02393605,,,,,
4/4/2000,0,0.023464612,,,,,
4/5/2000,0,0.023053256,,,,,
4/6/2000,0,0.022644443,,,,,
4/7/2000,0,0.017514223,,,,,
4/8/2000,0,0.012010159,,,,,
4/9/2000,0,0.011362023,,,,,
4/10/2000,0,0.010568112,,,,,
4/11/2000,0,0.008810724,,,,,
4/12/2000,0,0.010464106,,,,,
4/13/2000,0,0.010464106,,,,,
4/14/2000,0,0.010464106,,,,,
4/15/2000,0,0.010464106,,,,,
4/16/2000,0,0.010464106,,,,,
4/17/2000,0,0.010464106,,,,,
4/18/2000,0,0.018194372,,,,,
4/19/2000,0,0.013120788,,,,,
4/20/2000,0,0.011892075,,,,,
4/21/2000,0,0.011624055,,,,,
4/22/2000,0,0.01126686,,,,,
4/23/2000,0,0.010150121,,,,,
4/24/2000,0,0.009476843,,,,,
4/25/2000,0,0.008829637,,,,,
4/26/2000,0,0.006849131,,,,,
4/27/2000,0,0.005839648,,,,,
4/28/2000,0,0.005425593,,,,,
4/29/2000,0,0.005282812,,,,,
4/30/2000,0,0.004633797,,,,,
5/1/2000,0,0.004399904,,,,,
5/2/2000,0,0.004384999,,,,,
5/3/2000,0,0.004461895,,,,,
5/4/2000,0,0.004539206,,,,,
5/5/2000,0,0.004616815,,,,,
5/6/2000,0,0.004748199,,,,,
5/7/2000,0,0.004886689,,,,,
5/8/2000,0,0.004967184,,,,,
5/9/2000,0,0.005047985,,,,,
5/10/2000,0,0.00512909,,,,,
5/11/2000,0,0.006214233,,,,,
5/12/2000,0,0.005797344,,,,,
5/13/2000,0,0.008147702,,,,,
5/14/2000,0,0.00913843,,,,,
5/15/2000,0,0.009778252,,,,,
5/16/2000,0,0.01042855,,,,,
5/17/2000,0,0.011089295,,,,,
5/18/2000,0,0.009413483,,,,,
5/19/2000,0,0.007135361,,,,,
5/20/2000,0,0.004985009,,,,,
5/21/2000,0,0.004548905,,,,,
5/22/2000,0,0.004584579,,,,,
5/23/2000,0,0.004989097,,,,,
5/24/2000,0,0.00549878,,,,,
5/25/2000,0,0.006019709,,,,,
5/26/2000,0,0.006551845,,,,,
5/27/2000,0,0.007095151,,,,,
5/28/2000,0,0.011612859,,,,,
5/29/2000,0,0.010850255,,,,,
5/30/2000,0,0.009397378,,,,,
5/31/2000,0,0.006428892,,,,,
6/1/2000,0,0.005131745,,,,,
6/2/2000,0,0.005131745,,,,,
6/3/2000,0,0.005131745,,,,,
6/4/2000,0,0.005131745,,,,,
6/5/2000,0,0.00512177,,,,,
6/6/2000,0,0.005725611,,,,,
6/7/2000,0,0.006717746,,,,,
6/8/2000,0,0.006043151,,,,,
6/9/2000,0,0.005237842,,,,,
6/10/2000,0,0.00578729,,,,,
6/11/2000,0,0.006848594,,,,,
6/12/2000,0,0.006990377,,,,,
6/13/2000,0,0.006990377,,,,,
6/14/2000,0,0.006924311,,,,,
6/15/2000,0,0.023217229,,,,,
6/16/2000,0,0.017462527,,,,,
6/17/2000,0,0.01535083,,,,,
6/18/2000,0,0.014898912,,,,,
6/19/2000,0,0.014728788,,,,,
6/20/2000,0,0.014568561,,,,,
6/21/2000,0,0.034020001,,,,,
6/22/2000,0,0.097629005,,,,,
6/23/2000,0,0.072684181,,,,,
6/24/2000,0.160920245,0.059640286,,,,,
6/25/2000,0.167533266,0.123764367,,,,,
6/26/2000,0.054628767,0.086430975,,,,,
6/27/2000,0.0148397,0.044343626,,,,,
6/28/2000,0.002228866,0.05097221,,,,,
6/29/2000,0,0.037737909,,,,,
6/30/2000,0,0.029494879,,,,,
7/1/2000,0,0.022641793,,,,,
7/2/2000,0,0.026493355,,,,,
7/3/2000,0,0.026586158,,,,,
7/4/2000,0.002530408,0.027750182,,,,,
7/5/2000,0.004993288,0.026963759,,,,,
7/6/2000,0,0.017376555,,,,,
7/7/2000,0,0.017008486,,,,,
7/8/2000,0,0.018328066,,,,,
7/9/2000,0,0.018286271,,,,,
7/10/2000,0,0.020184629,,,,,
7/11/2000,0.081888782,0.022302312,,,,,
7/12/2000,0.007194584,0.02188586,,,,,
7/13/2000,0,0.014731473,,,,,
7/14/2000,0,0.011966892,,,,,
7/15/2000,0,0.011920056,,,,,
7/16/2000,0,0.011873275,,,,,
7/17/2000,0,0.011826548,,,,,
7/18/2000,0,0.011779876,,,,,
7/19/2000,0,0.011545122,,,,,
7/20/2000,0,0.009192683,,,,,
7/21/2000,0,0.007244798,,,,,
7/22/2000,0,0.007322098,,,,,
7/23/2000,0,0.008789043,,,,,
7/24/2000,0,0.008563148,,,,,
7/25/2000,0,0.013509417,,,,,
7/26/2000,0,0.013060034,,,,,
7/27/2000,0,0.012374142,,,,,
7/28/2000,0,0.011557281,,,,,
7/29/2000,0,0.010754957,,,,,
7/30/2000,0,0.009967212,,,,,
7/31/2000,0,0.006164945,,,,,
8/1/2000,0,0.002191967,,,,,
8/2/2000,0,0.003280716,,,,,
8/3/2000,0,0.004413592,,,,,
8/4/2000,0,0.004195401,,,,,
8/5/2000,0,0.003567433,,,,,
8/6/2000,0,0.003201075,,,,,
8/7/2000,0,0.00261905,,,,,
8/8/2000,0,0.00205024,,,,,
8/9/2000,0,0.001494687,,,,,
8/10/2000,0,0.000938405,,,,,
8/11/2000,0,0.000128768,,,,,
8/12/2000,0,0,,,,,
8/13/2000,0,0,,,,,
8/14/2000,0,0,,,,,
8/15/2000,0,0,,,,,
8/16/2000,0,0,,,,,
8/17/2000,0,0,,,,,
8/18/2000,0,0,,,,,
8/19/2000,0,0,,,,,
8/20/2000,0,0,,,,,
8/21/2000,0,0,,,,,
8/22/2000,0,0,,,,,
8/23/2000,0,0,,,,,
8/24/2000,0,0,,,,,
8/25/2000,0,0,,,,,
8/26/2000,0,0,,,,,
8/27/2000,0,0,,,,,
8/28/2000,0,0,,,,,
8/29/2000,0,0,,,,,
8/30/2000,0,0,,,,,
8/31/2000,0,0,,,,,
9/1/2000,0,0,,,,,
9/2/2000,0,0,,,,,
9/3/2000,0,0,,,,,
9/4/2000,0,0,,,,,
9/5/2000,0,0,,,,,
9/6/2000,0,0,,,,,
9/7/2000,0,0,,,,,
9/8/2000,0,0,,,,,
9/9/2000,0,0,,,,,
9/10/2000,0,0,,,,,
9/11/2000,0,0,,,,,
9/12/2000,0,0,,,,,
9/13/2000,0,0.000177316,,,,,
9/14/2000,0,0,,,,,
9/15/2000,0,0,,,,,
9/16/2000,0,0,,,,,
9/17/2000,0,0,,,,,
9/18/2000,0,0,,,,,
9/19/2000,0,0,,,,,
9/20/2000,0,0,,,,,
9/21/2000,0,0,,,,,
9/22/2000,0,0,,,,,
9/23/2000,0,0,,,,,
9/24/2000,0,0,,,,,
9/25/2000,0,0,,,,,
9/26/2000,0,0,,,,,
9/27/2000,0,0,,,,,
9/28/2000,0,0,,,,,
9/29/2000,0,0,,,,,
9/30/2000,0,0,,,,,
10/1/2000,0,0,,,,,
10/2/2000,0,0,,,,,
10/3/2000,0,0,,,,,
10/4/2000,0,0,,,,,
10/5/2000,0,0,,,,,
10/6/2000,0,0.020900341,,,,,
10/7/2000,0,0.010719373,,,,,
10/8/2000,0,0.006138135,,,,,
10/9/2000,0,0.004070353,,,,,
10/10/2000,0,0.001150684,,,,,
10/11/2000,0,0,,,,,
10/12/2000,0,0.000260637,,,,,
10/13/2000,0,0.00016145,,,,,
10/14/2000,0,0,,,,,
10/15/2000,0,0,,,,,
10/16/2000,0,0,,,,,
10/17/2000,0,0,,,,,
10/18/2000,0,0,,,,,
10/19/2000,0,0,,,,,
10/20/2000,0,0,,,,,
10/21/2000,0,0,,,,,
10/22/2000,0,0,,,,,
10/23/2000,0,0,,,,,
10/24/2000,0,0,,,,,
10/25/2000,0,0,,,,,
10/26/2000,0,3.65E-05,,,,,
10/27/2000,0,7.47E-05,,,,,
10/28/2000,0,5.48E-05,,,,,
10/29/2000,0,0,,,,,
10/30/2000,0,0.000240261,,,,,
10/31/2000,0,2.57E-05,,,,,
11/1/2000,0,0,,,,,
11/2/2000,0,5.44E-05,,,,,
11/3/2000,0,0.000151465,,,,,
11/4/2000,0,0.000467756,,,,,
11/5/2000,0,0.000757233,,,,,
11/6/2000,0,0.001020834,,,,,
11/7/2000,0,0.001211372,,,,,
11/8/2000,0,0.001617757,,,,,
11/9/2000,0,0.003102749,,,,,
11/10/2000,0,0.02828773,,,,,
11/11/2000,0,0.023520652,,,,,
11/12/2000,0,0.011418002,,,,,
11/13/2000,0,0.006427204,,,,,
11/14/2000,0,0.005283766,,,,,
11/15/2000,0,0.00436194,,,,,
11/16/2000,0,0.0035497,,,,,
11/17/2000,0,0.003223603,,,,,
11/18/2000,0,0.003060808,,,,,
11/19/2000,0,0.003085664,,,,,
11/20/2000,0,0.003122776,,,,,
11/21/2000,0,0.003159973,,,,,
11/22/2000,0,0.003161561,,,,,
11/23/2000,0,0.003177847,,,,,
11/24/2000,0,0.00321433,,,,,
11/25/2000,0,0.003250895,,,,,
11/26/2000,0,0.003281174,,,,,
11/27/2000,0,0.003198441,,,,,
11/28/2000,0,0.003122252,,,,,
11/29/2000,0,0.003079061,,,,,
11/30/2000,0,0.003030303,,,,,
12/1/2000,0,0.0029817,,,,,
12/2/2000,0,0.002933251,,,,,
12/3/2000,0,0.002884956,,,,,
12/4/2000,0,0.001827715,,,,,
12/5/2000,0,0.001490155,,,,,
12/6/2000,0,0.001617269,,,,,
12/7/2000,0,0.001762056,,,,,
12/8/2000,0,0.001909395,,,,,
12/9/2000,0,0.002059282,,,,,
12/10/2000,0,0.002211708,,,,,
12/11/2000,0,0.002366668,,,,,
12/12/2000,0,0.00460811,,,,,
12/13/2000,0,0.004498615,,,,,
12/14/2000,0,0.003815918,,,,,
12/15/2000,0,0.003449069,,,,,
12/16/2000,0,0.003379993,,,,,
12/17/2000,0,0.003302856,,,,,
12/18/2000,0,0.00302079,,,,,
12/19/2000,0,0.002734241,,,,,
12/20/2000,0,0.002496628,,,,,
12/21/2000,0,0.002349364,,,,,
12/22/2000,0,0.002206684,,,,,
12/23/2000,0,0.00205011,,,,,
12/24/2000,0,0.001799516,,,,,
12/25/2000,0,0.001539291,,,,,
12/26/2000,0,0.001288487,,,,,
12/27/2000,0,0.001188603,,,,,
12/28/2000,0,0.001188603,,,,,
12/29/2000,0,0.001188603,,,,,
12/30/2000,0,0.001188603,,,,,
12/31/2000,0,0.001188603,,,,,
,,0.001188603,,,,,
